name,company,area,min_salary,max_salary,description,link
实习生,成都盛博国际,成都·温江区·涌泉,0.3,0.6,本岗位是实习岗位，办公室是home office，公司主要从事广告活动策划，需要文案人员，活动策划为主。要求为有一定文案功底和PPT功底。本职位周一-周五上班，上班时间周一到周五 10点-6点，前半年每月实习阶段工资500，后半年看工作表现，工资大概3500左右，其他补助按照项目提成。,https://www.zhipin.com/job_detail/96bf5ac6f267cef31XBz3t2-GVI~.html?lid=4WmKvkdU3Ra.search.153&securityId=Dq-5LWVmlTqVB-T1uZtiBIF2eqDOPq_BxlXuyyHjGQQMCqdt1PneVhNZ72NP_DCKRDuiIct8Bl6lj7BkAf5ddc5Z2vvIpMtVdep6l5pOpLM_dz_K&sessionId=
成都分行-人力资源实习生,民泰银行,成都·青羊区·太升路,1.0,2.0,（一）人力资源实习生工作地点：成都市青羊区德盛路25号民泰银行成都分行岗位职责：1.协助部门招聘信息发布及更新招聘信息，维护和运营常用招聘渠道，主动进行人才搜索，简历筛选及评估；2.协助收集并整理新入职员工资料、人力资源相关系统维护与更新； 3.协助进行员工关系管理工作，完成员工合同的签订等相关工作4.协助处理部门其他日常事务  申请条件：1.本科及以上学历，2024、2025届在校生，人力资源管理相关专业在读；2.对人力资源领域有浓厚兴趣，具备较强的学习能力、理解能力、沟通能力及良好的团队协作意识；3. 能熟练操作OFFICE办公软件；4.实习期最短1个月，无课程协调冲突；5.诚实守信、性格开朗、身体健康，无不良行为记录。,https://www.zhipin.com/job_detail/91ef2a45ceb7dc841X1_2924F1NZ.html?lid=4WmKvkdU3Ra.search.129&securityId=P6dw3GV9rgUYH-81i9rNxZ96qlmkLdTWntEKO61Vxjpd-P20vNaQmVS4RRPhckerP4ERv7Q1ieaSqkWu3qYc-4feH5Iv7jVWaKCjSxnMgdjyTFOV_Q~~&sessionId=
水产实习生，储备干部,成都禾枫,成都,1.0,4.0,1，工作概述：负责公司水产品的养殖，水产品疾病的防治，以及新养殖模式的探索2，职位描述：A 加州鲈鱼的苗种培育                    B 内循环的养殖管理                    C 新型养殖模式的探索3，任职要求：A 3年以上的水产养殖经验                    B 25岁以上，水产专业优先                    C 吃苦耐劳，积极乐观，团队合作意识强                    D 热爱水产行业，熟知相关政策4，特别优秀应届生也可录取,https://www.zhipin.com/job_detail/05b638c1785e919903R82dq7E1o~.html?lid=4WmKvkdU3Ra.search.126&securityId=0BNLiRbGIYylO-R1gdexTJMwn48It21K-qplSfNPqxNHiS18SCO8kyVoNokBD94ASFRbmPd_wt_p2UXLP3IsR6I7Igv6r00cz2cf13DzD_EBXiLk&sessionId=
量化投研实习生,旷惟基金,成都·锦江区·沙河,1.0,2.0,职位需求：编程好，编程好，编程好学习能力强，学习能力强，学习能力强，Python Must；R ， C++，Sql不会交易/金融，我们可以教工作内容：量化交易/投资相关的数据库维护，因子开发，高性能计算一周不少于三天，后期可远程，初期需要on site实习优秀的，毕业全职入职。本职位目的在于全职留用，24，25，26毕业均可。,https://www.zhipin.com/job_detail/07ca8a2316ce45621XV739m-GFVR.html?lid=4WmKvkdU3Ra.search.123&securityId=YMIY-BYBb1OWL-j1i2X0z0zk9YvmQJumviknlAG5sGCBzIjGZa-MNX-tHGnfL-fYq2_M9IHIkwDV3bvCF2SCB0aGyOX_qWMrjRIVRtRVa9VFf4b68vM~&sessionId=
环境采样实习生,四川太利,成都·青羊区·中坝,1.0,2.0,【岗位职责】1. 学习环境采样相关技术规范标准；2. 准备采样仪器和相关耗材；3. 外出协助进行废气、环境空气、土壤、水质、噪声等采样工作；4. 学习填写样品编号标识和采样原始记录，按照标准要求对样品进行包装、保存和运输，将样品及时送交实验室，确保样品的时效性；5. 采样后的现场清理工作，对废弃的采样器材、防护器材按要求进行处理；6. 学习核对原始记录，保证采样过程操作的正确性和样品的真实性、有效性、完整性。【任职要求】1. 大学专科及以上学历，环境类、化学类、水利水电等相关专业24届及25 届优先；2. 持C1驾照；3. 善于沟通，有团队协作能力，有独立分析、解决问题的能力；4. 对环境监测、公共卫生等领域专业知识有一定认知基础，有相关实习经历优先；5. 实习时间1-3个月，每周能够出勤5天优先。【福利待遇】1. 实习补贴，周末双休，法定节假日；2. 公平公开公正的工作环境，一份收获满满的实习经历（表现优异可转正）；3. 定期培训学习、节日礼品、团建拓展。欢迎同学们投递【环境采样实习生】岗位！,https://www.zhipin.com/job_detail/3c81003a439fd79a1HB_39m0F1BV.html?lid=4WmKvkdU3Ra.search.51&securityId=qyZUnuGhw3kMH-O1bUOLo_-Jw5SYliXZ1hNsv6yauVvnJNSooR_XLNIZR8G-WP_J-ATZOnjf_qfGc6ccI9WC2ngxlDbJ7374nfM1pz7TIZSu6h-aGQ~~&sessionId=
实习生,天府公艺派,成都·金牛区·金泉,1.8,2.4,岗位职责 1.在项目主管的统筹安排下开展工作；2.根据项目任务书， 与团队成员一起开展项目活动；3.与项目利益相关方保持良好的沟通和合作关系；4.撰写项目有关文档，并整理、归档、保管项目资料；5.完成项目办和机构交办的临时性工作。任职要求1.热爱公益事业，认同社会工作或公益价值，性格开朗；2.包含但不限于社会工作相关专业大专学历及以上，有一定的思考及行动能力；3.责任心强，工作细心，性格开朗，能吃苦耐劳； 4.具有良好的亲和力和沟通表达能力，有一定的文案工作能力,https://www.zhipin.com/job_detail/9cf1ecf3a0a262061nF529W7Flo~.html?lid=4WmKvkdU3Ra.search.152&securityId=m4kGccDd5Y7VG-Q1DxRXzRPrE7mLSg57EiE-YNq2G9w9thpvZL2wtkmr7oRlTvB9nfF7IAPScXT2Sq-me2WMMnhIlO9Z5sKcJkLQnIDv-o4wdszb&sessionId=
应届实习生,成都安宇腾,成都·金牛区·金泉,2.0,4.0,1、面向移动、高校、政府等大客户销售各类仪器和实训室建设、仿真教学软件、软件定制开发；2、技术岗希望是通信、电子、计算机等相关专业，研究生及以上学历，有一定项目经验，本科985/211以上；3、销售岗希望是大专及以上，25年毕业的实习生，性格开朗，灵活积极，热爱销售工作，专业不限。（主要招聘方向）5、工作时间：8：30--18：00，午休1.5小时，双休。欢迎投递简历！,https://www.zhipin.com/job_detail/00d3bb6044909c821HZ73NW1GVRX.html?lid=4WmKvkdU3Ra.search.122&securityId=-3xgGEgHJ6zzA-n1S6ez-Fi1an0hOPHqS6yZ90yfpByT-3na8JWhiws4UuLYOePhD8MZN0kWgg0GAtiVGIHgmr-kpqJWCQMDRL-LV9Q4cUyoQz8rPPI~&sessionId=
ae实习生,旭星佳程,成都·武侯区·桂溪,2.0,3.0,以下这句话读三遍：只要25/26应届啊朋友们！！上下班时间----10：00-17：30，周末双休，每月另加一天带薪假岗位描述：1. 希望你是某一款游戏资深玩家，在执行过程中根据实际情况提出合理的建议及调整主动寻求最优的解决方案。2. 前期筹备：参与到大型电竞赛事、游戏周年庆、大型漫展筹备的筹备环节中，根据策划方案协助项目对接同事完成各类资源开发管理。3. 中期执行：负责软装物料搭建落地与人员彩排培训，活动期的现场执行管控以及应对突发事件应急处理。4. 后期结案：各类设计文件、活动数据和现场执行照片等信息的汇总整理，撰写项目结案报告，进行成本核算，完成项目收尾工作。任职要求:全职实习。1、对游戏行业有深入了解，对游戏传播、市场营销行为有一定的了解，更希望你了解全国漫展，是逛展爱好者或二次元爱好者。2、如果你是原神/星铁/第五人格/光遇等游戏玩家更是加分项，掌握基本办公软件，有一定的抗压能力，会出差。3、能力匹配，实习结束后将提供offer正式入职。,https://www.zhipin.com/job_detail/a1eb6935f1156af81HR92du5FFNR.html?lid=4WmKvkdU3Ra.search.121&securityId=rwxA4JWGN90v2-71OqDDstFhJ8GrWJgWEL01YvFt0n5EnA4wygqfQ0clh2wQs-EvkaIZAdNmhgK8XAZnSEGcy8_EAydfrfMP3h1rPXz5nNSkUpbK2y0~&sessionId=
招25届实习生—AI提示词训练师,酷码科技,成都·金牛区·人民北路,2.0,3.0,工作内容是做AI提示词训练。要求：对AI有浓厚兴趣，学习能力强。25年之后毕业的，统招学历。专业不限，人工智能、计算机相关专业优先。,https://www.zhipin.com/job_detail/53197de83ccceee71HBz29S1F1VT.html?lid=4WmKvkdU3Ra.search.17&securityId=MuDxHqlHQfugg-i1ydsLcDFSpoLGM8hLCsKrxjIKUz_uon4WPG9lBGQWeEEt2lBQva1P2EctD9D4H1Gl_UDUooOY9bYemBXz0GZy-9h2ELR_FtgYxg~~&sessionId=
u3d开发实习生,当乐网,成都·武侯区·新会展中心,2.0,3.0,岗位职责：1、参与unity引擎游戏的功能模块开发；2、参与游戏与美术需求在客户端的技术实现；任职要求：1、计算机专业本科学历25届实习生，能全职实习优先，表现优异毕业可留用转正；2、熟练掌握C#语言，熟练使用Unity3D编辑器，掌握Unity开发相关的常用工具和插件；3、具备良好的沟通能力和团队协作能力；,https://www.zhipin.com/job_detail/c5f2124b060645bf1HBy09u4F1RQ.html?lid=4WmKvkdU3Ra.search.65&securityId=4xl3I6BHAvENj-x1_xe_4p7FWOyMCAHROXfAKM1AeWpMFmIx-0YvjmTg5WOxi8eFeM6z4QcUrvgD2I-zD0OJ8DoQsMumSAe4_3J_qinLwT96Rv_hu_h_&sessionId=
25届运维实习生,成都音泰思软件,成都·锦江区·双桂路,2.0,4.0,周末双休 带薪年假 五险一金 节日福利 餐饮补贴 旅游 交通补贴职位信息1、熟练掌握公司产品的安装使用2.为客户使用过程提供售后支持3.指导客户正确使用产品任职要求1.大学在读学生，大专及以上学历；2.能熟练使用计算机操作；3.对计算机软件开发有兴趣者优先；4.能吃苦耐劳，沟通能力强，执行能力强5、实习岗位表现好的，可转为正式员工；该岗位服务对象为大成都范围内的药店，诊所，社区服务站,https://www.zhipin.com/job_detail/36b15c96dae88b571HB50tu-E1VQ.html?lid=4WmKvkdU3Ra.search.15&securityId=CYzlfeRG2FrqD-D1lAuCw8QCMjqkC76yydTzCS9c-0ImHKsyjZr9XLkdpMUZkr7j5-bp3IRvN1QCOo61rz9h7OU0pfAWc7ITTsqEYzoOLAx9A3s~&sessionId=
实习生（车运）,中之保,成都·武侯区·孵化园,2.1,3.6,岗位职责（偏向内勤）1、根据公司计划和客户需求，按照相应的流程规定，完成公司名下车辆违章的查询；2、协调车辆违章后续处理事宜；3、相关数据的整理、录入及输出；2、完成领导安排的其他事务性工作。任职要求:1、本科及以上学历，25、26届学生；2、做事细致、认真踏实，积极主动；3、为人诚信正直，责任心强，学习能力强；4、熟练操作各office办公软件。,https://www.zhipin.com/job_detail/bff8ddaf4c8292181HB53NS9FlpS.html?lid=4WmKvkdU3Ra.search.33&securityId=mcM5vjmLznXlZ-U1WSFnwWk4D2d96lHcWGg5ZKw-yUym3ZRa2VRNtBbJjKZwGA--S-h1CxYTPqsrhK-h6cUCS_hkJUVBGkkpkDUQ5KhnesrRMcwWjPs-bz3qbewKi6xfwC4iWbZ4s4KSijzbQwmyeQ~~&sessionId=
前端开发实习生,成都泽卡,成都·武侯区·环球中心,2.1,2.4,1.负责公司Web项目，小程序的维护以及更新升级2.熟悉vue 熟练掌握vuejs或reactjs，并有实际开发经验3.参与相关产品的参与交互设计的需求讨论，协助产品完善交互4该岗位只接受25届毕业生投递，优秀者可放宽到24届,https://www.zhipin.com/job_detail/18233bf1de4cde791HR63dW-ElNR.html?lid=4WmKvkdU3Ra.search.73&securityId=u4sih4_5bHR4r-J1aBSmNST03OjX0r9U9dyQZUnl5FiHnMfvLBMnF_U-35kCdjA0IWqPdMzan1m0m0dg3A1QQCtpqL6q9xgBEuWnfDgYNTqcOE3rCxo~&sessionId=
深信服25届校园大使,深信服科技,成都·武侯区·孵化园,2.1,3.6,校园合伙人校园合伙人是深信服旨在高校中寻找一批愿意与我们一起进行校园运营（领跑x计划等运营活动），深度参与到校园运营实践中的志同道合的25届小伙伴。你将与小伙伴们共创高价值、富有挑战的校园活动，不仅仅是参与者，更是全流程的深度策划者和执行者。在这里你能积累宝贵的项目经验、得到大咖导师的贴心辅导，沉浸式体验深信服的文化氛围，提前斩获深信服第一批25届校招正式offer！【校园大使专属福利】--成为校园合伙人，你将获得1、快人一步offer无忧现优秀的校园合伙人，可获得终面直通卡并最早可在6月底斩获25届秋招offer2、活动经验值MAX以活动共创者的身份，全程深度参与深信服的校园运营系列活动，经历从策划到执行的各个环节3、大咖面对面交流定期组织深信服学姐学长交流会、行业大咖分享分，包含行业前沿资讯、职业发展规划、岗位相关知识等，助你先人一步提升个人竞争力4、丰富的任务激励根据实际的项目产出给与相应的津贴激励，有任务闯关奖励与深信服专属文创周边、精美好礼等你来拿5、丰厚的推荐奖励推荐技术大咖加入，最高可获得1000-5000元/人的推荐奖励6、专属的实践证明深信服校园合伙人聘书、专属的校园活动实践证明和优秀校园合伙人证书，为你的求职简历锦上添花,https://www.zhipin.com/job_detail/790f0c312418680f1HBy3ti4GFtU.html?lid=4WmKvkdU3Ra.search.112&securityId=xple_d5VQySJM-u1e1eETDZQHBQVXws_nwnWYP3p_42GbqLYEKnDv4XU1Z6eMeI2P-YSHjfjpSBXkWitvkhzdvmUzbv6XaDv2PCPm-qjiAB4F9SgFTm0dGoJIZcGmd6ArVUyuKpZUvTxGQbHGPNh&sessionId=
德语助教（25年毕业生）,法亚小语种,成都·锦江区·春熙路,2.4,3.9,1、负责辅导德语学生自习，解答疑难问题，校对德语资料等；2、德语专业，取得德语专四，认真负责，性格活泼外向；3、优先考虑能长期实习的学生，一周工作5天，工作时间10点-17点；4、工作地点：锦江区红星路三段16号正熙国际27楼（春熙路）。,https://www.zhipin.com/job_detail/71edc8c6f86408cb1HB-3t-5FVpZ.html?lid=4WmKvkdU3Ra.search.13&securityId=J7D3KYrjPACpq-_1q5uOgHITIIuNlbOSLcJQGWgOyZA0AZ727FkhhzWdel0jxEEvbEr-jcbZTOenY8Vi4O5iANGEaUd722B7GVN9uO1arT2OTWAh&sessionId=
短视频编剧实习生,酒小二,成都·武侯区·跳伞塔,2.4,3.6,——“广西叫酒网络科技有限公司（酒小二）”是专注于酒水类同城速送的新零售服务平台，为了解决酒水行业中溢价多的问题和乱象。——酒小二专注于酒类的同城垂直配送，以“互联网平台大数据+前置仓模式+25分钟配送”的商业模式。——2020年12月已完成A轮融资，投资方为腾讯、红杉中国。——目前公司业务已经覆盖广西、广东、海南等14个省份及直辖市，全平台用户超2000万+，合作品牌300+，配送团队5000+。岗位职责：1、参与剧本大纲讨论创作2、根据大纲撰写剧本，完善剧情、对话等细节3、完成短视频发布所需的文案、话术撰写4、其他短视频相关的文案工作上班地点：成都市武侯区人民南路三段林荫街7号附1号上班时间：正常到岗9:00——18:00，每周保证至少三天到岗,https://www.zhipin.com/job_detail/648e4ddf89cfb1601XN829u7FVFW.html?lid=4WmKvkdU3Ra.search.82&securityId=LNo60kyGKSCTT-L16C_c8av-F5uaSpTyIxqUWLCLJHcrfXBIyd2AfBWqxTqA-uQe19Hld-_1VJ26s3bbxInqKqqEXjYIgwGv8T0iejJMp_LpwBr1jAU~&sessionId=
游戏视频剪辑实习生,探游科技,成都·武侯区·大源,2.4,3.6,买量视频剪辑实习生岗位需求：1、PR、PS、AE是工作中需要用到的软件，你需要熟练掌握2、对游戏有敏感度，知道游戏中的什么亮点可以吸引玩家3、具备网感，懂短视频的节奏以及效果添加等，类似综艺效果的添加4、部分视频需要自己口播录音5、投递简历请附带作品加分项：1、喜欢玩解谜游戏的2、平时就喜欢给别人安利游戏的3、有想法有创意有搞事儿能力4、喜欢看各种游戏主播、游戏解说、游戏攻略的5、25年毕业注：投递简历请附带作品公司是大小周，介意勿投。,https://www.zhipin.com/job_detail/ea53a4962fccaf0f1X143NW7EVtX.html?lid=4WmKvkdU3Ra.search.83&securityId=PuByTHWplWRbq-k1Rn0hW0S6W9AEXZ0IreYITzKYKgaVqfmdTow-JVHnlf4B0FUjM1AHkKLy78mrGuC7hoMskJVFZjjsNLhD0rsh0ImklrcNfnKDm62UxDzEf3G3GPr0COjnyPfZQO3N4U8dklTN6g~~&sessionId=
实习生,劲虎科技,成都·武侯区·铁像寺,2.4,4.8,各个岗位轮岗实习，主要负责社群运营,https://www.zhipin.com/job_detail/b8b71a7fbfcc10aa0XZ82d-9GVs~.html?lid=4WmKvkdU3Ra.search.154&securityId=CgeOvg14QXkEr-31VXX3k6VBFwO6qWCs5t0P3oUI9l-01jtPYdwINE_2P_53P6srruDFTqhDG7_Be8ovGBT1DignlKRFChLLCGwSjsD3pvkmQgY~&sessionId=
人力资源实习生,华栖云,成都·武侯区·新会展中心,2.4,3.6,主要工作内容岗位职责：1、负责员工入离转调流程管理、人事档案管理、劳动关系管理、考勤管理等日常管理工作；2、负责公司员工社保公积金等相关事宜的办理；3、负责数据统计和数据分析，结合业务情况为人力团队提供数据支撑；4、根据公司发展规划和组织体系，协助优化管理流程，完善相关制度。专业要求任职要求：1、25届本科或研究生，人力资源专业优先；2、数据梳理、处理、分析能力较强，熟练运用多种数据分析软件；3、工作态度认真细致负责，快速学习能力、高效执行力和沟通技巧。,https://www.zhipin.com/job_detail/76f8d936e0f4eb661Xx509-1EFpY.html?lid=4WmKvkdU3Ra.search.67&securityId=Jje78vVl6GbZr-_1Gj4UFN-meOJmfUDpoiWphtmG26coS_VpLhpMW6a6GKye6h36SlDXQSMDH_ykwyjIG9qsDk0Xzp8_JG1yCbBSfq6LNuJ-qtpWbACX8zCAN2aZgLLw8d399YTKlUsoD0ByIrUw&sessionId=
财务实习生/25届毕业生,桃子健康科技,成都·武侯区·中和,2.4,3.0,岗位职责：1.凭证装订：协助主办会计开展工作，做好票据、凭证的装订归档、确保财务凭证保存完整准确2.台账及合同整理：协助会计整理销售、采购等合同台账，确保及时收款、付款等3.发票开具：发票开具、发票认证、发票台账梳理，及简单的税务申报4.数据处理：负责简单的数据汇总、筛选、核对工作5.凭证核对：负责简单的会计凭证处理和凭证核对工作6.上级交办的其他事务任职资格：1.大学本科及以上学历，会计/财务管理相关专业，25届毕业生；2.熟练使用办公软件，有财务、金融相关资格证书，具有财务行业执业证书优先；3.有责任心，善于沟通，工作踏实，能承受一定的工作压力；4.具备较为全面的财务专业理论知识，和不断学习的能力；5.有财务实习经验的优先；,https://www.zhipin.com/job_detail/071b31a4191319cb1HF80tW6F1JQ.html?lid=4WmKvkdU3Ra.search.3&securityId=gvGmyDEh0krTr-g1QzrmNbq2UpgsJft385bvR8RxU0GfySJGVukLdcEu2ElszpdYS4q_hxR60ZJ2KtNzQO0I1NRREE4Cqrk-dSYUtES1sR5n9jv6jjDb&sessionId=
信息安全实习生,海思科医药,成都·温江区·柳城,2.4,3.0,此岗位仅限25届毕业生岗位职责：负责日常业务系统的安全巡检工作，包括防火墙、漏洞扫描设备、加密软件、防病毒软件、日志审计、数据库审计、堡垒机和云相关安全产品巡检工作。负责日常安全工作的运营，包括防病毒软件部署、加密软件安装/策略调整、堡垒机账号的添加和续期等、业务系统补丁修复等相关工作。负责安全应急响应工作，包括处理系统界面病毒排查、防火墙威胁告警判断和处置、安全设备取证等。负责日常基线检查和风险评估等相关工作。根据日志分析并产出各类服务运营相关的报告。技术能力要求：防火墙：了解奇安信、山石网科等产品配置界面、能清楚安全策略和端口配置能力。桌面病毒清理：了解火绒等防病毒软件的使用，了解的手动线程排查和查询进程关联性的能力。堡垒机：了解堡垒机基本的使用说明，能清楚地知道设备权限管控。加密软件：了解加密软件的使用相关原理。学历要求：计算机、信息安全或相关专业优先。其他要求：具备良好的沟通能力和团队协作能力。具备较强的学习能力和解决问题的能力。对安全行业有浓厚的兴趣和热情。福利：节庆福利，员工食堂（早餐和午餐）工作时间：8点50-下午5点10分，周末双休。,https://www.zhipin.com/job_detail/1baf659863b1a9e91HB92tq6FVBQ.html?lid=4WmKvkdU3Ra.search.57&securityId=_77QNpVpsjsd4-I1EsHKG2IVjHGkOwMieZCy82NJa5vbRnHEs9BrZX3B9_po5JNTv5_pAO3Btzo5_3JBbu15yeAXK4RmPdfhVr1KwqatvjFfYmT7lhIt-eK6Z93Tp2LwciDKfO9KsdwE-Tb5OBKcshA~&sessionId=
采样员（实习生）,炯测环保,成都·温江区·柳城,2.4,3.0,"职位详情1.负责环境检测领域项目(大气、水质、固废、土壤、噪声、辐射等)现场检测与采样工作;岗位要求:1、25届大专及以上学历，专业不限2、工作适应性强,能接受短期出差,服从领导安排;",https://www.zhipin.com/job_detail/c3e6564e1db093631Hd-0tq9FVpQ.html?lid=4WmKvkdU3Ra.search.75&securityId=i0uKqOCDlqqWL-N1Yp6mBfWLLRV0J7h6rYWLr6EvmijYYOhOHKOSt_zR5FlqVSWQgpmNxs7vHhMRfxbJUbAi4u6ZGOjf_HwC8hebOVgoj01ZqsCKXqfp&sessionId=
文员实习生,博锐传奇国旅,成都·金牛区·沙湾,2.7,3.3,（不招兼职！！！！正常8小时制工作时间！！！不要再问有没有销售性质！！！纯文职！！！）一 、工作内容1、旅游计调行程处理。2、帮销售打单子、录系统。3、协助销售做旅行计划。4、偶尔外出办事。二、 岗位要求1、男女不限，无经验要求，有老员工带。性格一定是E人！！2、会基本的办公软件（word、excel），打字速度中上。3、可以无经验，但必须具有积极主动的工作态度，学习能力强，做事灵光不死板，耐心，性格开朗（至少在我司干满3个月，应届可开实习证明）4、热爱旅游及旅游行业，看好行业未来发展并有意愿深耕。5、会开车！！！6、最好是旅游专业三、福利待遇1、薪资：试用期2.5k，转正3k+处理计调团的提成，稳定在3-4K+，每月额外150的餐补2、上班时间：早9晚6双休，中午休息1-1.5小时，节假日看个人工作是否完成即正常休并带薪3、入职即开始试用期，试用期为1-2个月，转正条件为试用期间工作表现和上级评价。4、工作内容轻松，90后团队，氛围好！过节、生日等福利不低于200元。以上信息真实有效，请仔细看后，符合要求再询问，以免浪费双方时间 ：）,https://www.zhipin.com/job_detail/9fc682134eed200d1XN53dW4EFNU.html?lid=4WmKvkdU3Ra.search.41&securityId=oafQiZhpRXJnm-S1t56Sxgq-esa597aKLZrJgZV_7-01r5nAX6LSfZl0vTSMcgt3CbZoTjlHkhxF1rHe8zCuwiUUhWtHJ1bC5QrNqwoHeJKLmT7ftUwX&sessionId=
扬名食品招聘仓库管理员,扬名食品,成都·温江区·金马镇,2.7,3.0,岗位职责：1、负责仓库日常物资的出库、入库、码放、保管、盘点、对账等工作；2、负责仓库日常物资的拣选、复核；3、负责保持仓内货品和环境的清洁、整齐和卫生工作；4、信息系统数据的录入、填写和传递，相关单证、报表的整理和归档；5、定期与仓库核对数据并实地盘点。此岗位招聘25届学生，请注意投递。原标题：《仓储实习生》,https://www.zhipin.com/job_detail/914edb6aca03dd5a1Xx62dS7ElZS.html?lid=4WmKvkdU3Ra.search.32&securityId=W28GHJSCdrdVZ-M1XrlY4b3zSJWcL_YIhsrJIUT5pLuGVtqsGnQeBvQer1kxTDnQGVorIf3yhCH57jrHuv0TWtogRnuG8SLBu9BDifGXxjkoFj2Yz40~&sessionId=
人力实习生（偏招聘）,新东方,成都·武侯区·科华北路,3.0,4.5,职位说明：1. 通过多种渠道进行候选人的筛选与电话邀约，对招聘结果负责；2. 把控电话筛选、初试、复试等环节，合理推进招聘进程，并对候选人进行及时反馈；3. 跟盯把控面试流程，对业务部门的录用与淘汰提供人力资源方面专业建议；4.其他人力相关工作 任职资格：1.本科及以上学历，25届或26届毕业生均可（每周出勤需4天＋）；2.热爱教育行业，有教育行业经验优先；3.目标导向，强结果驱动，抗压能力和执行能力强；4.认真负责，乐学，亲和力强，有较强的语言组织和沟通能力；5.有相关岗位实习经验者优先。实习满三个月可提供实习证明。“新东方大学生学习与发展中心”是新东方教育科技集团旗下的大学教育品牌，为中国4000多万大学生提供全套学习解决方案和就业指导。总部设在北京、目前已在全国32个城市建立了118＋个学习与发展中心。 为大学生提供高质量的一站式学习规划与辅导，教学与服务涵盖四六级、考研、专升本、财会、英学、教师资格证，等各类考试。,https://www.zhipin.com/job_detail/9ae36820fffa32be1HZy3NS8EVpQ.html?lid=4WmKvkdU3Ra.search.72&securityId=3EWHIRTpTjdMe-91W4q3giJg74Z71OdvtNzYd_bqd2IyT1v0GUH76Y_S96Ibj5kZlLGz0RoepdvJIMeOBXUyDBJkEJpfQcbeznQgRgJjV5qoDPTnfcgL3RHs-XV5UtBzrlC3rNC88s2UxOhT-0uDg8E~&sessionId=
电商运营实习生,四川海豚购网络科技,成都·武侯区·中和,3.0,4.0,1.学习产品上架运营、店铺活动报名、前置仓库存管理。2.学习并掌握产品上架、优化、跟踪。3.根据平台规则，规避风险，维护店铺良好运营。4.对产品数据、推广数据进行分析，维护好产品的可持续性销售。任职资格：1.大专以上学历，23、24、25年毕业皆可以。2.熟悉电脑操作，office、PS等办公软件熟悉。3.具有较强的独立学习和工作的能力，工作踏实，认真细心，积极主动；4.具有良好的职业操守及团队合作精神，较强的沟通、理解和分析能力。5.相关电商专业或有电商课程专业。,https://www.zhipin.com/job_detail/3edd7c62d4d477fc1HR_2965FVRV.html?lid=4WmKvkdU3Ra.search.127&securityId=-dmJylxTBx6Lr-r1K2CsOM2n1xTKSEOx2z46Oy60t2zk8K3ZBwHPCqjQ05Wgd5OZ0NG6QONmKj07Vfq3kw7xfDBCbvg94zR-dWFYKZcXpByOIJHjHn4~&sessionId=
实习生,四川水井坊股份有...,成都·金牛区·华侨城,3.0,3.9,岗位描述：1、跟踪活动执行情况1）根据活动计划，向SJF行销收集活动执行计划，且提醒活动执行人执行活动；2）后续跟进活动是否执行及执行时间；3）收集品鉴会活动执行场次；2、收集核销材料1）实际活动活动结束60天内由活动执行人提交核销材料至区域核销助理；3、审核核销材料1）确保核销资料齐全，且符合核销框架要求；2）与活动执行人沟通核销方面的问题，及时获取反馈；4、提交核销申请1）在AP系统提交核销申请；5、违规汇报1）对发现的舞弊及违规事项，按公司合规制度进行汇报；6、领导临时交办事项。任职资格： 1、本科以上学历，能实习3到6个月以上的优先;2、熟练使用Excel、PPT等Office办公软件；3、工作严谨、细心、负责任、主动积极；4、沟通表达能力强；较强的团队意识；,https://www.zhipin.com/job_detail/79cd9878ae4c516a1XZ_3NW-FltT.html?lid=4WmKvkdU3Ra.search.155&securityId=cfSmQyW6ofGFm-p1UE2ylpKY2Ofd_FL11DhNDa-eqbNOQP1XgFXldKWHQc6b780BTTXKGz7bPLavnSkZFy4_XWZggzRM59t1ZE0zWiD8viObig8oaQ~~&sessionId=
排版美工实习生,回形针电商,成都·武侯区·新会展中心,3.0,4.0,10年电商公司招聘电商美工实习生3000一、岗位职责：1.使用CDR/AI/PS等设计软件在线排版，有固定模板套用；2.使用淘宝后台工具承接线上代金券、单据、信封、笔记本等定制产品的排版，服务客户负责设计定稿；二、岗位要求：1.24届应届生、25届在校生大专及以上设计相关专业；2.理解并适应客户需求，快速响应，认真负责；3.要求必须掌握CDR，不会使用该软件的勿扰；4.专业美工带教，让你真正学以致用；5.实习期3个月（2月-4月），表现优异者可考虑转正。三、工作地点：公司附近交通便利，地铁1号线、18号线世纪城站直达后步行5分钟。四、到岗时间店铺介绍：公司目前总店铺数20余家，以下为其中3家天猫店铺：【协创优致办公专营店】【苏克办公专营店】【慢作文具专营店】温馨提示：为了互相有一个良好的面试体验，面试前请先了解岗位和店铺信息哦~公司介绍【关于我们】成都回形针电子商务有限公司破壳于2012年，致力于成为全国电商渠道领先的文具用品零售商，提供高质量的产品和服务，为用户提供学习和办公生活的美好体验。我们现有20余家天猫、京东、拼多多等电商渠道店铺，团队小伙伴超过400人，以95后为主，氛围融洽活跃、单纯，免去职场勾心斗角的烦恼。2023年销售额达成4亿元，过去6年销售呈12倍速增长！我们期待与你相见！！！！！！！,https://www.zhipin.com/job_detail/9bca26a7b42835e11Hd53ty1FVpY.html?lid=4WmKvkdU3Ra.search.124&securityId=Juy8j8KkN5o7Z-01m1gd3JuVmC5zln5s-c5psqiolpi15qAO1wbsBDHWraowj2STAB1GjlIZbtfsNMIOvC-2QWKOfqzX1ybmEFW38JXxq6pakWEU2w~~&sessionId=
内容创作实习生,遥望科技,成都·武侯区·中和,3.0,4.5,岗位职责：1、负责公司明星/达人短视频账号的商品创意种草拍摄及简单后期制作。2、具有商品分析能力，明确团队需求，能根据商品特性进行脚本的创作，保证成片效果。3、参与产品展示的出镜需求，男生净身高175cm以上，女生160cm以上，形象气质佳。4、参与团队创意分享，提供拍摄相关的创意内容，给到团队更多赋能与创意。任职要求：1、25年本科及以上在校生（接受有课请假），形象气质佳，有网感，会化妆的优先考虑。2、短视频爱好者，有网感愿意朝自媒体方向发展，自己做过账号参与过拍摄的优先。3、熟练使用拍摄设备，索尼、佳能必须掌握。4、善于与人沟通，具有较强责任感和团队合作精神；5、个人自驱能力强，有想法；5、投递简历麻烦附带生活照。岗位需求：一个男生一个女生岗位福利：1、年轻团队，平均00后，氛围好；2、日常下午茶，团建；3、优秀可提供转正机会。,https://www.zhipin.com/job_detail/c242aaf67af19a341HB72t27EFRU.html?lid=4WmKvkdU3Ra.search.56&securityId=GHekGwcNQP50R-g1Zv58K_SJKFG-rpCXgV4T4yLgbiDtyAzwqSVKqy9135SeBv6usb_Weyk-gepheZJ0IcJv9dzoAg2FJrpjeKsDjYJ-SA9Dq3yq&sessionId=
游戏运营实习生,乐曼多,成都·双流区·华阳,3.0,3.3,仅接受25届及26届实习生，能够一周五天全职实习，保证至少3-6个月以上的实习岗位职责：1、负责游戏产品的日常运营工作，管理版本更新和游戏活动；2、协助制定游戏产品运营的节奏、规划，并落实日常的具体运营工作；3、搜集用户反馈，分析用户行为和消费习惯，以及其他用户管理工作；任职要求：1、本科以上学历，25、26届在校应届生2、拥有较强的责任心、学习能力、抗压能力和团队沟通能力，较好的口头和书面表达能力3、热爱游戏，关注游戏行业动态，对游戏开发相关内容有了解且有自己的认识理解。,https://www.zhipin.com/job_detail/2522b3352c5790d41HV82dq6GFRY.html?lid=4WmKvkdU3Ra.search.55&securityId=_kOF2Wer2Qkjm-D1duQYDNBIkS4lUCIqmxdgKwvZgcfDQ1OnIVFxzY4zllRoiu56NgMoIzi3yxasa8feu_lRwf-DrsduEGgThVs2hSla5JJViUWe&sessionId=
游戏特效实习生,天上友嘉,成都·武侯区·铁像寺,3.0,4.5,面向25届！岗位职责：1. 负责主流3d引擎项目的主角技能、场景、UI、界面光效设计及制作；2. 能根据策划案，实现项目画面构成的各种特效元素动态表现及制作；3. 能熟悉主流3d引擎、精通特效相关制作软件，熟悉粒子特效系统，具有一定的手绘能力。岗位要求：1. 大专及以上学历，有游戏特效制作设计经验，对配合角色动作有概念；2. 具有专业美术知识，一定绘画基础。有3D软件特效制作经验，能使用主流3d引擎自带粒子系统和相关插件；3. 有良好的色彩感觉，良好的动画节奏感，能对特效相应的音效进行制作优先；4. 沟通能力好，主动积极，有耐性，有条理，性格开朗。,https://www.zhipin.com/job_detail/67ef47c32eb032a51HZ50tu9GFRV.html?lid=4WmKvkdU3Ra.search.63&securityId=DZ2vyVfc7ifH4-O1B6KXs1uHwD-GT_c1B_HkwRw0IPVhBB9o_1Sqz2KYqPPSwJpoir138G-gXAO6KIM3LA_D4AwNJLeDXiDh-v6b1XrsgtOjHqfkkIwsttsA7PPqqIswlICf6EsqwhHLyPs4M-TGyQ~~&sessionId=
实习5.5K+转正后提成25%～75%提成+工作自由,四川链家,成都·青羊区·金沙,3.0,8.0,工作内容：      1：社区公益活动，组织社区活动      2：为有购房需求的客户提供专业服务      3：学习银行按揭流程，学习房管局过户流程      4：维护好社区邻里关系+维护开发商关系      5：维护老客户的关系，平时多吃饭交流      6：公司活动策划，公司活动组织      7：帮扶老弱群众，做一个对社会有贡献的人用人条件：      1：统战大专学历及以上      2：不限制工作经验，不限制专业，不限制行业，只要员工愿意学习，我们公司都愿意全力培养福利待遇：       1：国家基本标准都是有的，国家标准没有的，我们公司也有       2：还有非常多的福利待遇，有兴趣可以私信我哦,https://www.zhipin.com/job_detail/bd3c2b3b5ead706f1XV_2Nu5FFFZ.html?lid=4WmKvkdU3Ra.search.110&securityId=_DBlavPbGHyQv-21ErjL6J98LGoJoFwhOUzpJv6t6LCEr7Kq5pFhbcqcG2F_w_zlETCF3dPVXYrr4ahTEElxRKwzqpYLO10Nv0G8bLtrtFQa7q_wdA~~&sessionId=
人力资源实习生 (MJ054534),吉利科技集团,成都·武侯区·新会展中心,3.0,6.0,"工作职责：1、梳理公司在招职位，维护招聘渠道 ；2、根据JD筛选、推荐简历，协调面试官、候选人沟通等招聘相关工作；3、协助参与员工关系、培训、文化模块：试用期管理、培训筹备和组织，组织氛围建设及文化宣传等工作；4、完成部门交办的其他人力相关工作。任职资格：1、全日制本科及以上学历，25届毕业或24届保研； 2、逻辑思维良好，具有较强的沟通能力和亲和力；  3、具有较强的电脑操作能力，熟练使用word, excel等；  4、有责任心，踏实，主动，执行力强；  5、实习时间 3个月及以上 , 每周至少工作4天。",https://www.zhipin.com/job_detail/e4b7c146bcb557ac1HR63Nu_EFFZ.html?lid=4WmKvkdU3Ra.search.95&securityId=ydX7ivTuJf1U2-c1sbcea0MUP0tXAhJIgOYskd1slV8TRS3O_nEPYtpb6A-56U2gNQrUimG0ouEWx76-as5Vq3r0naKMb-p_XnsJxASsy5Q5zz8m0AJF&sessionId=
hr实习生（实习工资3000/月）,奈思电子商务,成都·武侯区·航空路,3.0,3.3,【工作职责】1、招聘信息的发布及更新，并邀约合适的人员来面试；2、接待并安排面试的人员；3、人员入职、离职、异动手续的办理；4、负责每日员工花名册、日报表的统计工作；5、负责协助人力资源部领导交代的其他工作。【岗位要求】1、本科及以上学历，专业不限，25届在校优先；2、工作认真负责，责任心强，善于沟通，态度端正；3、良好的计算机操作能力，office软件熟练；4、能实习3个月或以上，有意愿积累人力资源实践经验的。,https://www.zhipin.com/job_detail/7578186831c7a7d91HV809W_E1NQ.html?lid=4WmKvkdU3Ra.search.91&securityId=8njUiAFfIgRqu-N18UynWv59ansbX4g9tvwaTsSV4wqpOkjlwNbqUStEVWcuCjQUqvw7NHO_SaDDCeS8GRybWOBP5pjXOUugv2IOBjFiNUF2cd8GDUQrOKdkZTUozd8PB9yPvplwGKFfwCOVIB2Z1lo~&sessionId=
投教顾问助理 实习生,华益控股成都分公司,成都·金牛区·人民北路,3.0,8.0,公司待遇：1.试用期无责底薪3500/4000+提成2.公司都是00/90后，年轻人的氛围，好相处3.周末双休，法定节假日休假4.定期组织团建，薪资待遇不会亏待工作内容：1.学习工作内容业务模式2.公司提供客户名单，只需要负责前端筛选意向客户，添加到微信3.做好客户意向反馈工作要求：1.学历不限  年龄18~25岁2.做事踏实，认真负责4.没有相关经验也没关系，对证券，股票，金融感兴趣，未来想往金融领域发展。,https://www.zhipin.com/job_detail/3bb7970385607b1f1Hd82di9FFVX.html?lid=4WmKvkdU3Ra.search.120&securityId=QLGCw5Cxk72w9--1K76yO5gktnOC0PHPeLqtMmyW4we3eQRlw9hYSo7MLPgnMCDIWCcOrRcxudiFFZRE7IiDVZiLIDxvOXOYMyeEzJPZnqjxVP8h7B4u&sessionId=
java开发实习生,环球掌娱,成都·武侯区·新会展中心,3.0,5.0,"职位描述1、学习软件开发的工艺和流程；2、参与软件,平台工具等产品的功能模块开发与文档编写；3、参与软件产品的需求分析以及原型设计；4、维护线上业务代码,对模块进行迭代升级；职位要求25届毕业生1、计算机及相关专业统招本科及以上学历，应届同学优先；2、java基础扎实，动手能力强，有浓厚的技术热情 ；3、了解WEB常用技术，如css3/h5/ajaxa/jquery等.4、能熟练使用Eclipse等开发工具，SVN/GIT等版本控制工具；5、了解MySQL, 或其他常用关系型数据库；6、了解SpringMVC，SpringBoot等主流JAVA技术;7、工作认真踏实、积极主动、敬业且具有团队合作精神；8、有企业级软件开发经验或职业证书者优先；9、AI 人工智能相关专业优先；",https://www.zhipin.com/job_detail/43ae1c7f8ae336921XN909S5GFdX.html?lid=4WmKvkdU3Ra.search.128&securityId=k7qM2uTjqPwhN-m1bmAI0i6d4czXUFRCo3nadqthK-cqAyok0Wf4TbAvG0WZynws2haGVf_fxpKmrUBBlZacYftl-7iTIM_I1yQk4_FnYSy-sqO3B4HcFLY_eA7Ryt2aSm57R9JqKwo8w9deqDZ71-AQ&sessionId=
销售支持实习生,怪兽充电,成都·锦江区·牛市口,3.0,3.3,"上市互联网公司：业务支持岗位，无销售性质，无提成说法,周末双休，招聘25届实习生，需要拎包3天，实习生签署实习协议，薪资一天100元，以上可接受者欢迎沟通岗位职责：1， 负责城市资产的管理，产品出入库的统计，物资盘点工作；2， 负责城市各项数据汇总、物料申请工作；3， 负责办公用品的采购、费用统计报销及团建的组织与报销，合同归档等；4， 协助城市进行员工入、转、调、离及员工福利的办理和考勤登记，对业务人员的基础培训工作：5， 负责对接总部运营，协助处理和推动城市业务侧各项工作顺利进行；6，负责协助城市经理及区域主管更好的开展城市业务线及区域销支团队更好的开展工作。岗位要求:1、大专及以上学历，有行政人事等相关工作经验者，有仓储及资产管理工作经验者优先；2、有一定的抗压能力，细心、责任心强，熟悉office软件，有强烈的个人使命感和自我驱动力，忠于目标； 福利待遇：周末双休，节假日福利，温馨融洽的业务团队，薪资面谈。工作地址：四川省成都市锦江区锦东路568号摩根中心2栋2406室工作时间：9:30-18:30   周末双休，节假日正常放假到岗要求：若开学有课程的，可接受每周最少到岗4天",https://www.zhipin.com/job_detail/c20262801b1151451X1-0t-7EFdY.html?lid=4WmKvkdU3Ra.search.80&securityId=C3S9SrpDONLqp-914nowpTnjJ4i3u1AyeIw9QRA6sUF44mY9ZrJ2pFavT1jgwXPxeExxc9hsEEqdLeFbMw6DBL2MlE7hLqMH_TuMs_9gT3jUPZUr&sessionId=
暑期实习生,自强教育,成都·武侯区·桐梓林,3.0,4.5,招募要求：1、喜欢孩子，喜欢教育行业，有责任心与耐心；2、不怕吃苦，有极强的沟通能力，有敏锐的观察力；3、男女不限，纪律性强，能严格执行任务安排；4、能够在暑假期间驻扎训练基地。你需要做：1、协助教练完成教学任务；2、照顾本期孩子的生活起居；3、陪孩子一起玩乐、一起学习、一起成长；4、及时跟进、反馈孩子的生活学习状况，并适时向家长沟通孩子在营情况；5、一切有利于孩子成长的事情；6、给孩子拍训练、生活照片以及视频反馈给家长；7、完成相应的分管工作（比如宿舍管理、物资管理等）。福利待遇1、薪资待遇：标准工资：100元/天+（20-40/天）绩效工资;注：绩效工资根据现场负责人考核而定。（A级：40元/天，B级：35元/天，C级：25元/天，D级：20元/天）。2、福利待遇：包吃包住+不定期聚餐活动等。2、工作地点：成都3、工作时间：暑假7-8月注意：此岗位公司提供正规的实习证明。,https://www.zhipin.com/job_detail/9cf3d5eb0ef585ac03Jy292-GVs~.html?lid=4WmKvkdU3Ra.search.40&securityId=SkiQWa4xFhkr8-I1clQkQQVnv4KqCDT9-BDdvdKfWVpvmpd3dOTOY4Z6Sz4_V748dvlZPxUvaeHYphJ4GXaQBJAqiQAdm92ScGhfkcjUeGVF-meu&sessionId=
项目管理实习生（25届）,星网智慧科技,成都·武侯区·新会展中心,3.0,4.5,一、核心需求(必备)1、 对于项目管理工作有主动倾向，愿意参与管理工作2、有较强抗压能力，能接受各方压力并有效处理二、硬实力 (长期培养)1、沟通，条理清晰，能准确表达所希望达成目标;o2、细心，能详细记录工作中发现问题，并确认问题三、软实力 (能力方向)1、自主性和积极性，明确问题的同时主动推动问题解决或上升2、目标明确，能确认完成标准，主动跟踪:3、良好数据处理能力，可以从数据中提炼所需内容4、有耐心，能接受跟踪、确认等大量重复工作;5、主动学习，能主动学习各方知识，方便有效沟通6、突破界限，对于工作范围能主动往前或往后延由，提高对接效率四、加分项1、编程能力，如Python，能自主进行数据处理2、运维，能自主搭建所需工具和服务:3、CI&CD，能协助团队进行自动化建设4、销售，能搞定客户需求;5、技术支持，能现场处理问题:加分项有以下行业经验：计算机软件·计算机硬件·通信/网络设备,https://www.zhipin.com/job_detail/a8acbb926127498b1HF72d-5F1RS.html?lid=4WmKvkdU3Ra.search.5&securityId=asMr4oMJVoGIx-k1HDwvRS9KO7VlLD8uzcEkaL4GEKljebRY5XgUr5vFIqpZBhIT7s1hSmLiXqiLd6FeIMT2TxElPiuXwfXftt2SGHpjumg5eHBPWenp&sessionId=
实习生,四川宜思瑞科技有...,成都·武侯区·新会展中心,3.0,3.6,诚招在校学生做实习生，可提供实习证明，每月到岗天数根据你的课时安排而定，需持学生证及身份证到岗,https://www.zhipin.com/job_detail/905d3f4267029bd703d-2dy4FlQ~.html?lid=4WmKvkdU3Ra.search.151&securityId=iJpfDqTg3QUEF-L1j6sUdW6m9up9JOVPjUO8F37cOv8NgZEve6gEoLlZjhHwv2p0lylbPnDGxnkDHiimDtm23EsEJVGMDfl-9S4q_dAPBTfvEeMm&sessionId=
0-3岁 托育中心 实习生,贝托付,成都·武侯区·世豪广场,3.0,4.5,"实习岗位老师请附上实习时间段，需满足三个月以上实习时间，年后可入职寻找爱孩子爱教育，把教师当做长期的职业规划的同学加入工作地点：成都高新区大源岗位职责:1.照顾1-4岁婴幼儿的日常生活; 2.负责协助并培养幼儿良好卫生及习惯; 3.负责保护婴幼儿在课程中与活动中的安全; 4.根据婴幼儿的年龄特点开展教学活动; 5.记录婴幼儿的生活成长及发展与学习过程; 6.与家长沟通、讨论幼儿的行为表现及学习状况。  7.协助主教及其他老师完成教室及教具关键创设,维护与管理职位要求:1.大专及本科及以上文凭2.持国家教师资格证优先3.拥有AMI助教资格证者优先4.有蒙特梭利教育工作经验者优先5.复用爱心,耐心,责任心,及良好的师德,亲和力强,性格平静,形象气质佳",https://www.zhipin.com/job_detail/42ef2ca788e162551XBy3dm7E1pU.html?lid=4WmKvkdU3Ra.search.148&securityId=-dkakV7IZoBVU-u1pa4AGIdfEuSE9QdSmwJSYSB5Jy9V-JRQqWrQt9bqLdmZ6TeSVt8siFCXtwh6PsVroizsMxZUV31AebKw5MInAbij6ILOhz1qTAyH&sessionId=
电商运营 实习生,成都科汇,成都·武侯区·省体育馆,3.0,6.0,"此岗位仅招，在校实习生，需要实习6个月以上，一、岗位职责：  负责学习管理运行 、京东 天猫，抖音电商，国内核心电商平台店铺。1-产品上架：标题，图片优化，提升排名效果2-客户线上沟通，根据反馈优化内部流程，规范文档。3-转单发货：熟悉各平台运行规则与公司内部ERP操作，各类发票（电票，专票）的申领发放，供应链的对接，逆向物流管理。4-利用挑客，快车，搜索优化，种草，等多种站内卡位，站外引流的方式，进行推广工作。5-利用京东商智，生意参谋等工具，每天针对自身及竞店进行各类数据进行，统合综效地分析汇报 实习效果实习满六个月：可独立开店，在国内电商平台实现自主管理运营。二、岗位要求：1-熟练ps等常用图片及视频编辑软件。2、性格外向开朗，有朝气，面对问题会主动沟通寻求问题解决，熟练office 操作。3、做事严谨，考虑问题全面，逻辑思维清晰。 4、电子商务专业 优先考虑。三、工作时间及薪酬1.一周工作五天，朝九晚六。周末双休，法定假日按国家规定执行。2劳动报酬，在实习满6个月的情况下，按实际工作日结算，80元-200元/每工作日（具体据实际面试综合表现），实习时间不少于6个月公司介绍成立2004年，专注科技行业18年，聚焦企业级IT产品销售及服务， 与国际著名it领导厂商有着良好的合作关系，如群晖 synology, aten kvm 360政企安全 等，公司拥有自用产权办公室300平米，交通便利(地铁1号线，3号线，省体育馆站即到），团队小于20人，团队年轻，氛围好。",https://www.zhipin.com/job_detail/764a4701e92672591Xd53d27GFdR.html?lid=4WmKvkdU3Ra.search.147&securityId=2AHp7PyZHSXv9-o13n_DOazJJzEWqNBN1y3iZWVV9UEuw5R-A4mAlle4otlxfezZT9BtBXupm3H_hLEjEetCz6eOWPQcgNaywPaiIV5LB5VF79bpnw~~&sessionId=
环保巡查 实习生,博润中天,成都·温江区·柳城,3.0,6.0,1. 男女不限 有驾照 能开车2.负责环保项目巡查，能操作电脑，编辑巡查台账3. 要求必须环保专业，经验不限，往届应届毕业生均可4. 实习期三个月，实习工资每月3000元（含社保），正式录用后，底薪3000元+社保+补贴奖金等。,https://www.zhipin.com/job_detail/d9b03634633d13e11Hd-2du9FFJY.html?lid=4WmKvkdU3Ra.search.146&securityId=pTJl194zK9WcN-U1zJhwtz0FZVf7-S3JYI7KO3Ywj1WaJUI4HKeam3RVMJ-aJQFk5Zlk3jMJmbi4Av6aBqoDeMWGFQZ9BChaeVDAOFcKEZoZDWkL8SE~&sessionId=
设计师助理 实习生,四川鲁班大宅装饰工程,成都·武侯区·火车南站,3.0,3.3,招收设计专业实习生，应届毕业生，设计师助理，专业培训设计界精英人才；从事量房，方案绘制，预算报价等一系列工作，要求：会cad绘图软件，会su，有上进心，能吃苦耐劳一旦录用，即可上班，待遇优厚，有意向欢迎咨询！加分项有以下行业经验：装修装饰,https://www.zhipin.com/job_detail/5cfb178842157be01nxz2tm0GVJQ.html?lid=4WmKvkdU3Ra.search.144&securityId=E1LKB6BiCb727-z14XcXXpm340NmeXgrfZpM3h2_zthS-VSyaT1j9Eo6OWDoKgiechZYj8GbF0QfTSs9mysmjTlnF1QDF3VNjTgD6zwRWXyDmE-KRSs~&sessionId=
HR实习生,芯原(成都),成都·武侯区·新会展中心,3.0,4.0,【职位职责】1. 协助HR团队日常工作，如人事系统和档案管理，协助绩效评估的开展和分析，企业公众号的运营等；2. 协助日常招培训工作，包括面试邀请及安排、培训宣传及信息整理3. 其它HR工作事项的支持 【职位要求】1. 硕士及以上学历，人力资源、英语、中文、社会学或法律相关专业24、25届应届生，表现优异者提供转正机会；2. 英语听说读写良好，有CET-6及以上证书；3. 开朗大方，积极主动，富有责任感，踏实，高效，善于沟通；4. 能够连续实习6个月及以上，每周出勤4天以上者优先。,https://www.zhipin.com/job_detail/462bed5c6d483ac01XF_2t61E1tY.html?lid=4WmKvkdU3Ra.search.21&securityId=tEZVxZYh9I_f1-81FHs7TseLFy9eCVf1cZ_Wp3ZE6TVh6iojtbr2cfDiyc1ZVlTPH0I7z1NRpNHIUSKiuHIECeWKgW6k202jWnWF4AeM8623Xvq75sw~&sessionId=
招聘实习生,TCL王牌电器,成都,3.0,3.6,工作内容：1.管理招聘网站，对求职者进行面试；2.抖音招聘作品发布，并进行直播招聘3.招聘数据统计4.安排的其他工作岗位要求：1.大专及以上学历，25年毕业生，能全职实习6个月及以上；2.有视频制作直播经验或者兴趣爱好优先；3.性格开朗，沟通良好，形象气质佳！,https://www.zhipin.com/job_detail/a68ab2106d4ac4231Hd729S_EVNY.html?lid=4WmKvkdU3Ra.search.22&securityId=Gm7M5uLJ1wf3R-71Ih93GT6k0DHTIhZpHWEwOLHFybjDgaHiliXCxWlHeUgW545dEanpBDnL34NBjnbdY4InsYZDSPFca9lrunAoh7Evm5NPWK5pHA~~&sessionId=
电商实习生,C7 OF LABEL,成都·武侯区·桂溪,3.0,3.6,运营平台：抖音、小红书、视频号、淘宝我们店铺C7OFLABEL【全网平台都有店】可以自行搜索哦~主要职责&工作：会根据面试情况，个人意向。在运营、PR、BD岗位中进行安排。岗位要求：1）认可电商行业、对电商行业具有浓厚兴趣；2）需要较强表达、沟通能力及协调工作能力；3）熟悉电脑办公WORD、EXCEL等软件，会拍剪更佳~其他：公司有岗位上的培训，上手方面可以放心。可以学到并接触到现在主流电商全流程的各个环节。欢迎想入行或了解学习的25届同学。,https://www.zhipin.com/job_detail/c6a79725f48cade61HBy09y9GVVR.html?lid=4WmKvkdU3Ra.search.23&securityId=Sfoou6NqHFp7N-0166iQXELAIL0zpIA4QLXH6l978RuuOMdiNDHOaOVsOds9AwruvcHp5VFr1m2y-k8a_O5MlUmlm88hQXJ2RToD66mygRj3bHTCYYE~&sessionId=
行政实习生,洋葱集团,成都·武侯区·中和,3.0,3.6,岗位职责：1、负责业务部门的考勤管理、办公用品采购、档案管理、费用统筹、固定资产管理…看似很杂，但把细小的事做到极致才是真本事！！2、协助督促各项制度的贯彻执行和推动实施；3、配合完成业务部门招聘需求，发布招聘信息，收集简历并根据任职要求筛选简历。岗位要求：1、有行政、人事实习经历优先，互联网或直播行业工作经验者优先录用；2、服务意识强！工作责任心棒棒棒！沟通协调能力666！亲和力是绝杀！3、一定的项目管理统筹能力，对于突发事件敏感度高；4、优秀的沟通能力，耐心、细心，以及严谨的逻辑思维能力。本岗位仅限25年毕业生！,https://www.zhipin.com/job_detail/080d45a54b08098f1HZ50tS8E1RW.html?lid=4WmKvkdU3Ra.search.24&securityId=JD4R0BdR1zZ2L-q1-WG47JIY4MvtvLFRw60tP8CCpqdAvo5XvcHiYL_wwIJofPnEZSH6tiA-pXM0YBrHfnY4srwYIYbm9ty5c_hCRqI02FU_6EhQ&sessionId=
测试实习生,商云科汇,成都·锦江区·春熙路,3.0,3.9,！！！目前测试岗位只招实习生。仅有实习待遇（120元/天），针对25级或26级在校生，希望能长期实习的同学。岗位职责：1. 理解功能需求，规划测试脑图并书写测试用例（英文）2. 根据测试用例对系统功能执行测试，按照公司要求规范化记录发现的BUG3. 编制回归测试用例，对每次重大发布进行手动回归测试4. 针对紧急出现的BUG进行BUG复现，并记录复现步骤5. 总结测试流程和测试结果，提出改进意见任职要求：1. 在读本科，软件工程或相关专业，熟悉标准化软件开发及测试流程2. 掌握软件测试理论，熟悉白盒黑盒测试、单元/集成/回归测试等概念和方法3. 具有较强的学习能力，能快速理解系统功能及需求4. 具有较强的逻辑思维能力，能对测试分支及边界条件进行清晰的梳理5. 工作积极主动，认真负责、善于沟通及团队协作6. 一定的英文读写能力实习时间及补助每周到公司实习 5 天，至少实习 6 个月提供实习补助，可盖实习章，优秀者提供转正机会假期• 双休，实行5天工作制，弹性工作制（上班时间：9:00-10:00，下班时间：18:00-19:00）• 享受国家规定的法定节假日福利• 公司位置：公司位于锦江区平安金融中心，紧邻春熙路地铁站（地铁2、3号线）和太古里，交通便利• 工作氛围：外企文化，公司尊重每一位员工，工作环境轻松愉悦，扁平化管理，领导亲和力强• 办公环境：公司拥有舒适的办公环境，设有休闲区，免费供应咖啡和茶水等饮品• 员工活动：公司定期开展文化娱乐活动，如：聚餐、年会、旅游、生日会等• 薪酬与发展：有完善的薪酬体系及职业发展空间,https://www.zhipin.com/job_detail/94304a92e2f7d20f1XZz0t67EFRX.html?lid=4WmKvkdU3Ra.search.42&securityId=OERhfT_srVzNc-b1FPThFUlygz1zbwqPeTkeD9KSYqUJwLjAG6_l3XgpkiZ8KK-0F2p7poxrfAyEgQCdJZ7ZtUM0DAd0EEhZkNI-Hrt3-XyNvdxyPhDoqzY_FeFHA2v9llM_2G5OEFfFIrquOc4eyGf7&sessionId=
金融实习生,青萍之微,成都·武侯区·中和,3.0,3.3,按照公司规定执行策略按照策略提高自身水平，实现公司产品价值提升本岗位仅接受实习生，实习期表现良好，可转正，转正工资6-8K招25届毕业生，要求时间稳定，且后期可以转正留用，不提供短期实习。,https://www.zhipin.com/job_detail/02d61e6e86cbc9771HZ43tu6FlZU.html?lid=4WmKvkdU3Ra.search.26&securityId=8gmuWgRlQDC1y-O1uGl3yN2fDstX0OrbPZKdI6GmxMvCjG9afEnCa7LRG_c6ob4wYZAgaDAxQzkZw-QEgHVPO_F02sewEGGFTKWDxReklLTTNwjhBeWH&sessionId=
IT 实习生,普华永道,成都·武侯区·新会展中心,3.0,4.2,"为公司IT部门提供后台支持服务. 包括,但不限于：用户帐户管理和用户访问权限管理电话系统管理在校生，技术支持相关经验者优先具有良好的问题分析和解决能力紧跟IT技术发展，愿意接受新的事物能自我学习，在高强度压力下独立工作具有良好的英语书面表达能力对微软Office办公软件熟练者优先有对微软活动目录管理，IBM notes邮件服务，Avaya电话系统支持经验者优先熟悉IT安全管理者优先粤语精通者优先",https://www.zhipin.com/job_detail/44b5780a4b550e7f1Xxz0tu8ElZV.html?lid=4WmKvkdU3Ra.search.143&securityId=bOrp5cJJ3jCZj-61xRbVB-l4HoObg5a-z1TKRPlmXen5goLZNxi1_rf5eVpBZ9eWzt7mxxS3SLpibSmrDFoF4GormoHWcbhlqgSBbKVFy_JtHriQ&sessionId=
行政实习生,天奥测控,成都·郫都区·高新西,3.0,4.5,岗位职责：1、协助业务部门进行日常文件管理与整理工作。2、对已归档项目文件进行著录和上传。2、完成领导交办的其他工作。岗位要求：1、熟练使用office等办公软件。2、本科及以上学历，管理类、物流类等相关专业；3、具有良好的文字功底和良好的工作态度；4、工作时间9:00-17:30。5、实习薪资按月计算，2k-2.5k/月。,https://www.zhipin.com/job_detail/0763b87ed3b66b5c1X192tW9EFdW.html?lid=4WmKvkdU3Ra.search.27&securityId=LfT0ZMrEEm5cx-Z1ylwduHqpV56v6povyDxqd-U7EOb2sgQ6ckK_oT4GN-QVnkzVBo7PT3mh4UkalsIxC2eQYyieIGnOu-Yg6TMUG4KusOeP4bQH4Mo~&sessionId=
工程 实习生,圭目,成都,3.0,3.6,职位描述：1、配合业务部门整理与归档检测数据；2、在数据分析工程师指导下完成图像缺陷标注和汇总工作；3、参与工程项目CAD图件成果编制。任职资格：1、学历大专及以上理工科专业应届生，接受大二、大三、大四学生；2、有较强的学习能力，服从工作安排；3、有责任心，有良好的沟通能力和团队精神；4、态度认真积极，工作细心耐心；5、熟练使用word、excel等常规办公软件，熟练使用CAD者优先；,https://www.zhipin.com/job_detail/f246f8dfd45998441nN_39S8EVpR.html?lid=4WmKvkdU3Ra.search.142&securityId=0SiIvOfUnDOwq-W1kIe7nG3VMYMrcvuVWDObenZYVjyRyrOYB4fWiI-T6KSpLGp9gf2Rj1unSoskrCuM1ahpF9LwY5-kJVSy59DtG3i0JZrKQp2PlA~~&sessionId=
销售实习生（小白易上手）,彩沣家具,成都·金牛区·人民北路,3.0,4.0,职位详情：岗位职责：1、负责公司源氏木语展厅家具家居产品销售、客户接待及客户服务工作。2、按照公司产品视觉陈列要求，维护并跟进做好门店的日常陈列及展示工作。3、定期回访门店顾客，保持良好的联系与沟通，为客户提供专业的销售服务。 4、完成经理安排的其他工作。任职要求：1．25岁以上（男女不限），高中及以上学历（优秀者可适当放宽）1、有亲和力，性格开朗，沟通表达能力较好，有主动服务意识。2、工作经验不限，有销售经验为佳。3、会基础的电脑操作。欢迎应届大学毕业生，我们不怕没经验，只怕啃老族。待遇：面议实习生可以进店面议    全勤月休四天我们的优势：1．源氏木语是新零售品牌，区别于其它传统品牌模式销售，简单易上手，特别欢迎无行业销售经验的年青小伙伴。2．不需要电销，店面客户接不赢，你只要有足够工作热情，成长，挣钱变得很简单。3．工作环境舒适，四季空调环境，可以每天穿得美美哒，不会因流汗晕妆，不会因寒冷而穿得臃肿。4．工作时间体贴：早班上班时间晚，中班上班，上午有半天属于我们自已。5．交通便捷工作，人民北路地铁站下来就到店了。工作时间：早班：上午：10：00-18:00                  中班：下午：1：30-9：30工作地点：成都金牛万达广场三搂3036AA源氏木语店联系人：王克文 *********** （微信同号）,https://www.zhipin.com/job_detail/5296934f712ecad91Hdz3dm1EVtW.html?lid=4WmKvkdU3Ra.search.134&securityId=O84rCXbSPvqgl-81XbghaBqWe4hRLxBr4CJ0fwuXlGUp4pNY3ZFlDYDsBuNdwIfiLxOEvC7i2iP8c5Sx-Xb9J8xjg2bnK7P5TBMD-T_nrFSpOqCLzbOX&sessionId=
日语实习生,艾欧比,成都·武侯区·银泰城,3.0,3.9,工作职责：1.负责编辑和上传日语网站的基础文案内容（我们会提供详尽的入职培训）；2.负责YTB视频的搬运和剪辑工作；3.负责日语文本的翻译工作，确保准确、无误并符合我们的语言标准；4.负责我们日语Twitter的日常运营；5.完成由上级指派的其他相关工作任务。我们期待你是：1.本科及以上学历，24届、25届在校生；2.拥有日语N2或同等级别的证书，具有优秀的日语写作能力；3.具备良好的沟通和协调能力，责任心强，学习能力出众；4.对文案创作和视频制作心怀热情，熟悉或活跃于海外社交平台者将优先考虑；5.这是一个实习职位，需要每周至少工作4天，实习期至少3个月。能尽快上岗，并对长期合作有意向者将获得优先考虑。我们提供你：1.日语语言能力的锻炼平台；2.导师一对一悉心指导；3.完善的培训机制。公司中文网址：https://cn.imobie.com/日语站网址：https://www.imobie.jp/,https://www.zhipin.com/job_detail/be98741412f977941HR53du_EVJQ.html?lid=4WmKvkdU3Ra.search.30&securityId=QSuxga2Bi132W-j1haqAft5RNpmVqyuVWdIejvUfNlRx5lxMBqEjVoSZBHNmULL9v9ojfhcaP4H9d4nI6NodqnrkVJoRXDNXRx2E7XTfXIrrQ28qYVm-Rmj3lMIkqS1F35l08kt_CFlfZTAez4QtOg~~&sessionId=
客服实习生,完美世界,成都·双流区·华阳,3.0,4.0,招聘25届同学，招聘7人你的工作内容：1、你将通过语音或文字的形式对客户提出的问题给予专业性的回答。例如提供账号、活动、服务流程及产品信息等方面的答疑及引导~带给客户全面、准确、快速、便捷的服务；2、你还需要倾听用户心声，了解用户需求，收集他们的理性建议和关于APP反馈信息，并协助技术人员处理相关问题；3、你将对我们的APP产品及流程问题进行分析、总结，并为此出谋划策，和每一个完美er一起帮助它变得越来越完美。我们需要这样的你：1、大专及以上学历，有相关工作经验者可适当放宽；2、语言表达流畅，熟悉计算机操作，打字速度50字/分钟以上；3、具有优秀的服务意识、良好的倾听和理解能力、不错的应变素质；4、亲和力强，吃苦耐劳，积极主动，阳光热忱，乐于合作；5、能适应倒班制工作，上五休二，月休8-10天；6、会玩游戏，愿意在游戏行业发展，了解基本的游戏玩法优先考虑。说明：1、该岗位不带销售性质，只负责客户咨询问题解答，无需烦恼承担销售压力；2、薪酬按月计算，基本薪酬：2500元/月+补贴（500元/月）+夜班补助（50元/个，23点下班的班次即可享受）；3、班次：组内轮班制排班；4、入职即购买商业保险，完善的带薪培训体系，即使是新人小白也完全不用担心。整洁明亮的工作环境以及丰富有趣的团建活动。还有健身房、太空舱、咖啡果汁无限畅饮。5、公司地址：天府软件园C8完美世界6、公司可以为实习的小伙伴提供实习证明（需实习至少满足3个月及以上）。有需要可提前告知~,https://www.zhipin.com/job_detail/7ae751c72cac36e41HB60t61EVdQ.html?lid=4WmKvkdU3Ra.search.31&securityId=BquWuh1F3LIk9-Q1W8k9Ef2awIRdatLdyIzyJ4pqgjsLi4i4NQCAI1QZxvtJVzda56RbXx4yDD_hjUceQxwLOjVFClwe0wLIPISawrFIOwBH-s4~&sessionId=
测绘/遥感/地理信息科学实习生,汉盛源科技,成都,3.0,4.0,"岗位职责：1.使用ARCGIS，处理无人机，遥感影像矢量化地块。2.使用南方CASS画地形图。任职要求：1.全日制本科及以上学历，大三学生（25届学生）；2.测绘工程、地理信息科学、遥感科学与技术等相关专业。3.工作认真负责，做事积极主动，执行能力强。4.善于学习、刻苦钻研、作风严谨，有精益求精的专业态度。5.身体健康，吃苦耐劳，无不良嗜好。6.熟悉使用CAD,Arcgis，ENVI等专业软件和Office等办公软件。薪资福利待遇：1.综合薪资为3000元/月，薪资参与绩效考核。2.有绩效工资及项目提成奖励，公司有明确成熟的绩效提成方案；3.工作时间：早九晚六、周末双休，法定节假日休。",https://www.zhipin.com/job_detail/6bdc33ab67a0dfaa1HB_3t-1GVRU.html?lid=4WmKvkdU3Ra.search.133&securityId=agbKn5SOYl5EO-q1wZWJrnUX5wjgx0tqNGE8W3q_trOAW2P9Pw5buSDRG4_r03hMpS_WCeZeY43GKYUwfoQK7l3djOjfcH-sBcRNseWxbzAYxB6tkbw~&sessionId=
数学实习生,卓拙科技,成都·武侯区·中和,3.0,4.5,【公司亮点】提供实习证明、免费三餐+下午茶+自助咖啡、当月发当月工资、提供办公设备、地铁口附近、生日节日福利、不加班- 关于公司及岗位信息，您可查看岗位介绍（很详细哦）或通过社媒渠道搜索了解【公众号】搜索“卓拙科技”，了解办公环境、企业故事【小红书】搜索“吃在卓拙”，了解每日什么承包你的胃【小红书】搜索“卓拙打工日记”，从打工人视角看公司【抖音】搜索“卓拙科技”，了解公司相关活动信息【到岗时间】可尽快到岗，实习至少2个月及以上，每周至少到岗3个工作日及以上【工作时间】工作时间：9:00-12:00 13:00-18:30- 早餐：预留充足就餐时间- 午餐：11:50开启- 下午茶：15:30开启- 晚餐：18:30开启除法定假日外，需每周至少出勤3个工作日及以上，不加班【岗位职责】海外全年龄段学生的C端数学引擎1、负责检查核对海外导师的解题正确率&答题规范（难度以海外初高中为主）2、项目组安排的其他临时性工作请注意：该岗位只涉及解题，不涉及与学生对接【岗位要求】1、统招本科及以上，专业不限，理工科专业优先2、擅长数学3、大学英语四级及以上4、能接受工作时间【面试流程】1、简历筛选→电话沟通→线上笔试→电话/现场面试→HR谈薪→Offer Letter2、流程看似很长，但是我们效率超高的！【卓拙简介】卓拙科技成立于2012年，于2017年完成5000万A轮融资、2020年荣获成都高新区“瞪羚企业”、“高新技术企业”称号。卓拙团队以技术导向，致力于国际网络数据传输，目前已有1亿+的全球用户正在使用卓拙产品提供的服务，同时，卓拙坚持创新，多条不同类型的产品线并行，将打造更多具有价值的互联网产品。【卓拙文化】使命：以技术为驱动，打造更快更稳定的公共网络环境，为每一个人提供流畅的网络速度价值观：一致、专业、进攻！【加入卓拙】有价值：我们致力于国际网络数据传输，为全球用户，打造更快、更稳定、更安全的的网络环境有成长：拙而不卓，追求技术前沿和技术创新，专注和Geek是我们笃行的关键词有发展：我们不拘一格，专业为先，既有年轻的合伙人，也有广泛的授权机制【在卓拙，你将获得】虽小但精的团队：现团队有100+成员，各种隐秘技术大牛，扁平高效结果导向的氛围：互联网技术氛围浓厚，理性讨论和解决问题活泼机智的伙伴：90后大军，年轻而专业的团队，专注工作，拒绝勾心斗角硬核稳定的硬件：万兆网线到工位结合超快无线设备整洁宽敞的环境：2008平新办,https://www.zhipin.com/job_detail/2b9b698e989dc9f71HB93dS6EVdW.html?lid=4WmKvkdU3Ra.search.35&securityId=P2VmcLuppuVvv-Y1r5o3eYCXZ7UBxkeRxZLTfONb9u7v41Nu1bs_CasU7UfpNDnWYbB626XHDUrlZnnWMLnvZ98NO0yx2mWlk9DtF7HJiMYMRmQ~&sessionId=
公司财务实习生,吉米奈,成都·新都区·保利公园,3.0,4.5,1. 负责公司的各项财务数据管理跟踪记录2. 与代账公司对接完成公司各项财务税务合规申报3. 要求24年或者25年应届生，财务相关专业4. 性格外向，英语读写水平优秀4. 有基础薪资,https://www.zhipin.com/job_detail/37d3e5dc1b00813f1HB_2dy9EVVS.html?lid=4WmKvkdU3Ra.search.36&securityId=4zCa9MVx0HfQc-o1W5afQChqhC3RGLcG9kq7tO9B_pBIZJQLYyjtNUsWnBLpd1X0RxJqEdJJbxyaaOM0Z59TbT3GOy5AK87LonfEy4gLVnilyj1UTBfc&sessionId=
国际新闻编辑(实习生),锅牛互娱,成都·武侯区·红牌楼,3.0,6.0,我们是西南商报旗下新媒体部，主要负责国际热点新闻挖掘与内容制作。 岗位职责： 1.撰写和编辑全球热点时政新闻 2.收集新闻素材，整理筛选资料 3.完成新闻稿与校对 岗位要求： 1.新闻编辑专业毕业或在读生 2.具备较强的写作能力 3.对热点内容和爆款新闻有一定的灵敏度岗位待遇:1.试岗期3天2.试用期三个月，3天试岗期将计入试用期3.试用期无责任底薪2.5K4.转正后底薪3K加提成5.实习生可提供实习证明6.本岗位单休，节假日调休7.上午8:30～12:00 下午14:00～17:00（完成本日工作后可提前下班),https://www.zhipin.com/job_detail/67318a1633fb62c31nZ409y0EVRQ.html?lid=4WmKvkdU3Ra.search.132&securityId=4K8jHB3cUTmKe-O1DYIk_XxIi9Q6hczkebZfyr-Jz1o89VBT66NCkJwy3q3k1sjNLSbdnDUuGj24guny41xLV85KCq_dbNdHHyFKP6afnUOTLNA-tww~&sessionId=
新媒体编辑实习生,成都翼联,成都·成华区·龙湖三千集,3.0,4.5,一、职位描述	1、独立完成微信公众号文章内容运营，内容编辑，选题调研，营销文案策划等工作；	2、根据需求，撰写商业文案；	3、能够独立自主的归纳编辑工作所需资料、技巧，提出问题并解决，脚踏实地提高工作效率；	4、完成运营计划、数据统计分析工作等。		二、职位要求	1、25年毕业优先，有微信公众号软文编辑和公众号后台操作经验；	2、较强的专题策划、信息采编整合和写作能力；	3、性格开朗，具备较强的责任心和工作积极性，有较强的团队协作意识，抗压能力强；	4、有想法拥有较好的文案创意写作水平，在配图排版上有一定的审美。,https://www.zhipin.com/job_detail/3e5f792e3dc3616f1HR509q4GFJR.html?lid=4WmKvkdU3Ra.search.77&securityId=JZNwidr6z8FRO-h1B6eeBbpisMgroEzNEJNzsrG2thX1T0VSGOOZPph43L5PB69xAb9RUi8eqa78OUq5gaZ7ZcWb7rcMpDpTPlAWu1tqKexvQudn&sessionId=
骡马市必胜客招募日结2.5-18日120/天,百胜中国成都公司,成都·青羊区·骡马市,3.3,3.6,工作周期：2024-06-18~2024-09-01每周工期：无要求工作时间：不限工作时段：不限结算方式：日结招聘截止时间：2024-09-01必胜客总部直聘全职兼职服务员，必胜客门店就近分配，时间地点您决定，欢迎您的加入!福利待遇：1.必胜客门店就近分配，无试用期，无押金2.上班员工享受企业内部专享特惠员工餐3.全职入职当月购买五险一金，每年享5天带薪年假；兼职工作时间灵活，可根据您的空闲时间和餐厅需求进行排班，4-8小时均可。5.学生兼职可提供实习证明，体验制度成熟的管理运作模式，大专学历在毕业前可升迁为储备经理。要求每周可提供2-3天（不满足条件请勿投递简历）6.有大量社会兼职岗位空缺（有健康证优先）,https://www.zhipin.com/job_detail/7175b7bc23c0ae611Hd50tu1GFRZ.html?lid=4WmKvkdU3Ra.search.118&securityId=NaaW5sX29loN0-m1qGqTR3392CZbwFC97nc4j8d3mr_6_bach4AYKQhtAYMNIpwhGpc7l9orX1Hgjkf3-M_-NDC8_PaHmkFo8V8vctdf9_LciKo_2es~&sessionId=
数据标注（25/26届）,数聚智造,成都·双流区·华阳,3.3,3.6,"（可根据课表排班，不固定每周天数，但每月到岗天数需满10天，至少出勤三个月）任职要求:1、专科及以上学历;2、熟练操作电脑,熟悉Word、Excel等办公软件;3、团队协作能力佳，做事认真负责;4、掌握python优先5、有标注经验的优先;6、计算机、数学等专业优先;工作职责:1、数据标注团队管理与培训、任务分配、数据质量把关;2、使用标注软件,根据要求对图片或视频进行标注与修改,包括框选、属性输入等;3、数据采集,以拍照和录视频的形式采集数据;4、图片筛选,从大量图片中挑选出特定图片;6、其他数据整理相关工作;",https://www.zhipin.com/job_detail/c794f5815e3e35d41HBz39q_E1NR.html?lid=4WmKvkdU3Ra.search.114&securityId=STSEiEzGQwzCo-X1gqSfVlMDTKQkgHEQhs4WjEKT24722w7QSdfr2E2Wvq0JQKtv_Qmk7dokHjLqF5vCQODi4NTdnfHTqSZ756hLJFLTyHYORFay_oH2&sessionId=
物业前台实习生,万科物业,成都·郫都区·红光镇,3.3,3.6,岗位职责:1、负责物业前台接待来访业主，接受业主咨询、投诉，做好相应处理2、负责物业前台收费、办理装修、过户手续、资料存档等;3、负责物业前台值班记录工作、客户意见收集工作、客户投诉处理反馈工作及相关回访工作:4、负责协助客服管家催缴辖区内客户管理费;5、完成上级交办的其它工作。任职资格: 1、大专学历及以上，物业管理专业优先，大学未毕业生。2、踏实认真，有-定的抗压能力;良好服务态度和服务意识，亲和力佳3、提供住宿，月休6天，上班时间：早九晚六每天112元4、只要25届应届生,https://www.zhipin.com/job_detail/61e3bff639a1dd7e1Hd_2NW9FFRR.html?lid=4WmKvkdU3Ra.search.78&securityId=sYlQtMdoJuDX8-y1avuf4eUma2zVmNYiEONAzZerIlCFItnpmRp_ZSqrfapQms58dwNPj1foUn8gOy1q9Nsg7HjVvrp5JGe1ugUyQnwNI0GKx_DjTHXiriAt4MTDRb4ykDWwUbv9llaWwMaMWUs6tTw~&sessionId=
实习生  无责4000+包住   提供实习证明,仟翔科技,成都·青羊区·太升路,3.6,4.5,你的加入可以给我们带来新鲜的活力，我们同样也可以赠你无限的发展空间！！！重点：本公司直招，不是中介，不会向你收取任何费用！！！1.无责底薪4000+500奖励+提成+奖励，月入过万不是梦，只需要你向我打个招呼，奖金就拿到手软，荷包都装不下！2.免费提供住宿+带薪年假+不定期团建聚餐+节假日福利3.岗位内容：帮助宣传推广各类平台，公众号，小程序等的福利活动，不销售实际产品哦。有人教有人带。4.工作时间：早8点30晚6，不加班。5：地址：世界贸易中心A座801,https://www.zhipin.com/job_detail/c107228deecd6bce1HB52t-1F1NW.html?lid=4WmKvkdU3Ra.search.149&securityId=ZVkdZCymJ0VbO-d1D2I_zHegIa7bLfgXPwzKflDkL9OEmpj5-Bn4zyi8uzbuQNbM4Lwrac6rBmS-ZX-oFGA6SnYSJZ3DMSbvHJ7ZPjPL3BauIgSvAa0~&sessionId=
项目助理实习生,ECI创思立信,成都·武侯区·肖家河,3.6,4.8,实习工作内容：1. 协助 整理游戏团队LQA业务线一系列文档，包括 LQA 测试用例、游戏安装包、语言包、 LQA bug 单等项目资料 2. 协助在项目管理平台进行相关操作 3. 协助进行项目进度的跟进任职要求：1.专业不限，本科及以上学历；英语六级及以上。2.实习时长：至少3个月，能长期实习最好。纯实习工作不涉及转正哦~工作内容不难但是比较枯燥重复，所以我们需要你：1、 耐心仔细，谨慎认真。 能根据指示，按步骤完成交代的工作，不因大量重复的操作，而导致错误率的上升。2、遇到客户临时需求，可以及时协助整理完成相关资料上班时间：上班时间9-9.30，下班时间6-6.30。双休。薪酬：每月固定2.5-3.5k，具体根据测试和面试综合确定,https://www.zhipin.com/job_detail/bd0c1237c7a6027e1Hdz29y5GFVS.html?lid=4WmKvkdU3Ra.search.79&securityId=3yJdFwlqE2a1c-61L5tJBoIj1xDt_fnwh9j5ik6gb37ZR5NNKLy94p-vXo6Y0GwsJcebSHK63eDUhQpcpogrptJrSEnEttI-KLWc7X7bHQm_Oao-Te8~&sessionId=
顺丰速运招聘物流运营,顺丰速运,成都·成华区·猛追湾,3.6,4.5,一、实习内容加入新鹰计划，同学们可以通过“闯关升级”的形式，在校期间灵活实习，体验顺丰的各个不同岗位，积累实战经验，通关必得顺丰校招offer，毕业即可入职顺丰上任管理岗位，匹配管理者的待遇，快人一步，完成大学生到职场精英的华丽蜕变。二、招聘对象2025届本科及以上学历，专业不限（毕业时间在2024年10月1日-2025年9月30日）三、招聘岗位新鹰计划实习生—经营管理实习生（区域主管/中转场负责人方向）四、培养目标掌握市场开拓、客户服务、团队领导、社会关系建设能力，培养成为“懂业务、懂经营、懂数字化管理”的优秀经营管理岗人才五、实习要求1.踏实肯干，意志坚定：面对挫折有韧劲，拥有一定的抗压素质2.善于沟通，知情达理：具备良好的团队协作意识，有较好的共情能力3.逻辑清晰，自信敢讲：具备一定的问题分析能力，能主动发现和解决问题4.主动学习，追求卓越：拥有持续主动学习的习惯，在经验和实践中不断刷新自己六、实习亮点1.通关必得offer：实习通关合格，必得顺丰校招offer，毕业后可跨城市入职（结合城市需求）2.发展超车道：校招培养前置，毕业即上管理岗3.多重激励：实习薪资、专项激励和各项特殊补贴，多劳多得4.名企实习：世界500强、国内第一的快递物流综合服务商实习经验七、面试流程网申通道——测评——面试——试岗——片区入职原标题：《新鹰计划实习生（25届）》,https://www.zhipin.com/job_detail/81f7962fe47d437a1HB_09u-F1pZ.html?lid=4WmKvkdU3Ra.search.1&securityId=gy6G_lWEHWiDm-x1I1AFztAVXy17k_4yB6jN5LjGQKFNmPTwBaBngRLQ9dtz8AvognTdC1PlNZ-xBLUqBDze7jKnAIQ2DX9slrkA0SOftEJollce&sessionId=
运营实习生,步速者科技,成都·青羊区·黄田坝,3.6,4.5,岗位职责：1、协助运营专员执行公司现有微信公众号代运营项目的执行（排版、文案编辑）2、协助运营专员执行公司内部运营（公司活动策划、公司视频号、公众号更新等）3、协助BD、行政进行基础资料整理。岗位要求:1、24年、25年统招本科及以上学历，有微信公众号运营经验；2、熟练运用秀米、135编辑器等公众号排版软件；3、掌握PS软件的使用，能进行海报制作；4、熟练掌握剪映、PR等视频剪辑软件为加分项。注：该岗位为实习生岗位，表现优异提供转正机会，可实习6个月及以上优先考虑。,https://www.zhipin.com/job_detail/fa55f150d3fb744f1HB82d-0FVRZ.html?lid=4WmKvkdU3Ra.search.38&securityId=1Z7eLb6nOhf86-01lHEiGGBuhEv-EKMWsAN3MmDxLHIGsPGorhrA00odhCnjHHpSQjp__MSEcmgG9U-dZEFXFEzUkyHOOwTFrnCdEMXujJ1gU8XbbblrGjKP-5IM09Hykq936KRtI2XYBNlcdR66ig~~&sessionId=
DNF韩语实习生,俊云科技,成都·武侯区·新会展中心,3.6,4.5,工作职责1.负责游戏本地化，包括但不限于文本翻译、审校、保证本地化内容在游戏内呈现的质量；2.协助社区、社群、贴吧用户运营，收集用户反馈，优化服务体验。任职资格1. 热爱手游游戏行业（原则要求），对韩国游戏市场有独立认识和了解，熟悉副本、PVP、PVE等游戏模式，有DNF游戏经验优先；2.韩语相关专业，韩语水平TOPIK6级，持有ITT或CATTI二笔证书者，有韩国留学经历者优先；3.大专及以上25届同学，可实习3个月以上；4.为人正直，积极上进，有良好的人际沟通能力及环境适应能力。实习岗位收入结构：实习工资2500-3200元/月+免费工作餐+各类补贴+奖金俊云各类福利：1. 社保&公积金&商业保险为你保驾护航，助你安居乐业有保障。2.公司自有食堂营养双餐&餐后水果&丰盛零食，让你元气满满，能量加倍。3.N天带薪年假&团建基金&团队出游&花式聚餐，助你快速融入团体，默契协作。4.专项学习发展基金&各类学习资源与补贴，帮你技能提升，快速成长。5.各类贺礼、慰问、节庆、纪念日，花式宠你，让你倍感温暖与惊喜。期待我们共同努力，成为一家有用户规模、有社会责任担当的企业，为团队成员提供物质及精神的幸福保障，为玩家带来更好的游戏体验，还在等什么，一起追梦吧~,https://www.zhipin.com/job_detail/ac61efab1217b5971HF_2927FlJY.html?lid=4WmKvkdU3Ra.search.70&securityId=40dYEdFMnMU2k-j1OW0rRUz7LZMG3nR7kV2B8Fmgsf6uYTNeCdWcVeA-GWp44aNJDIQRqCra5pgAgqBOnBJZj7ArGVv1MyX_MFpW3frdPR5AHTzm&sessionId=
美术实习生,好未来,成都·武侯区·孵化园,3.6,5.4,岗位职责：1、根据教研老师需求用AI生成和手绘优化绘本插图；（AI应用可以培训）2、与教研老师沟通，确保美术品质；任职要求：1、美术相关专业，25年之后毕业的在校生；2、扎实的美术功底，习惯使用电脑photoshop或ipad等制图软件，具有一定审美能力；3、热爱数字绘画，对绘画富有热情；4、需要至少3个月实习期。加分项有以下行业经验：学前教育·培训/辅导机构,https://www.zhipin.com/job_detail/9aaeaf4e219b3b941HJ629W0F1VX.html?lid=4WmKvkdU3Ra.search.37&securityId=f2x15f-xnnm2R-q12j8PA6rwW7jlJMkZViIMgkANPYONleEtVbV7AcdeBiu6q0IVH-VkRODH6EFF9IKGDMnkbPWcLkNV9PusiLXFyXMaQZZe&sessionId=
达人运营实习生,道有道,成都·武侯区·桂溪,3.6,4.5,岗位职责：1、协助达人优化修改视频脚本；2、能够协助团队进行营销数据统计；3、上级交办的其他任务；我们需要：1、本科、研究生在读，25年毕业生优先，一周能够实习4天及以上；2、对抖音等短视频新媒体感兴趣，网感好文笔优秀；3、会基本办公软件，熟悉excel基本操作，有一定的数据敏感度；4、沟通能力强，勤奋好学，积极主动。你将获得：1、氛围超好的团队，每周五下午茶；2、和抖音达人沟通接触的机会和资源；,https://www.zhipin.com/job_detail/0c2ba8d6f02b18971HB63t--F1JV.html?lid=4WmKvkdU3Ra.search.64&securityId=Ua4KCnazHDueA-g1GJhtHuu4XuLmzd_EFAhDVuU2Gh5oUV40uymkJxJDmuNcfA4g9r_JEj88_7ZRjR14ETKwupFeKzKeb7lCbrHT16JGB1jojw~~&sessionId=
教研实习生,成都新程领汇科技,成都·锦江区·红星路,3.6,5.4,"一.上班时间：早10晚7，周末双休。二.薪资待遇：120-180一天，具体根据面试情况及过往经历而定。和谐融洽的工作氛围，干净明亮的办公环境，创新开放的企业文化，实习期表现优秀更有转正机会！三.岗位内容：1. 收集并整理海内外名企开岗信息，并提取重点内容2. 调研求职信息，并制作相应文档，配合业务部门需求并进行支持3. 其他临时性任务【岗位要求】1. 25届毕业及之后毕业的同学，有过资料整理归档的经验，熟悉基本的办公软件（wps,excel），本科英语专业优先，通过大学英语四级及以上；2. 沟通能力强、学习能力强、负责认真、工作细心，执行力强，有良好的市场敏感度，思维灵活，学习能力强，沟通表达及归纳总结能力良好，细心踏实3. 有教研等相关工作或实习经验优先4.需要全职周一到周五坐班，有效率的完成工作就不会加班，如果确实需要加班可以调休！",https://www.zhipin.com/job_detail/46b22b290e296b781HB43dS_GFNV.html?lid=4WmKvkdU3Ra.search.48&securityId=dbjr0QEuy0vid-D1rRQmghdEp7WV09asRDoRvveDr92Db0sUnhdCbHWPyozx0lZclfJF7gg-u2kIA6y84vTAgg0PavKY9__0Ul7xZU9_Im7oR1j80p63De1AKP5gtOmMGnzeBG3PFqGmMLE6EMMJ_tc~&sessionId=
音乐版权实习生,成都太合乐动科技,成都,3.6,3.9,要求：只招25届毕业生！！！只招25届毕业生！！！只招25届毕业生！！！1.全日制本科在校生，需要25届毕业生，有转正机会；2.能保证至少6个月、每周不低于4天的实习时间；3.热爱音乐，对音乐风格、版权知识有一定的了解；4.了解国内一般平台的上传歌曲流程；5.耐心、细心、认真地按时完成上级分配的任务。职责：1.按照流程申请发表作品所需物料；2.对上传作品进行初步审核；3.与其他运营对接，确保作品在指定时间同步至目标平台；4.按照需求，及时更新作品信息。,https://www.zhipin.com/job_detail/ddaa6fe4851669561XBy29m9F1VR.html?lid=4WmKvkdU3Ra.search.62&securityId=ce6O7v2ZnkOOG-p1GvtLKGck1mCxmbLydyrxj8h3sWtocu1uTpr5nIPJr9Fz-EV9N42L2aWvdgFlbZJKlgZIG9BfOvtgz4ne6sjQdPoAijRmb0Uaxdc~&sessionId=
hr实习生,沥泉科技,成都·锦江区·牛市口,3.6,4.5,【岗位职责】1、负责研发团队等相关技术岗位的招聘，可参与到招聘全流程，保证面试顺利进行并追踪面试结果；2、员工关系：入转调离及活动协助组织；3、支持HR 的其他日常事宜；【岗位要求】1、本科及以上学历，25届同学，热爱互联网招聘；2、实习周期3个月以上，每周4-5天；3、主动积极、靠谱认真、结果导向、自驱好学；上班时间：朝十晚七，周末双休,https://www.zhipin.com/job_detail/9164e619e41e316e1HRz29i5EVFW.html?lid=4WmKvkdU3Ra.search.29&securityId=070bJSnltArEP-I19KhkiIBRk4HaV2VVE0Va6x-02Dp-cS9QQhGrtjytQPpdjYJ_kC0bdKOV55KAiejn6DPfMHUBNTCupE1w9XwRvs_1PurWvLSHBDA~&sessionId=
视频剪辑实习生,欧伍电商,成都·青羊区·天府广场,3.6,3.9,工作时间：早九晚六，周末双休 薪资3000/月岗位职责：1、负责电商类的全域视频及切片视频剪辑制作2、能熟练操作PR、剪影等剪辑工作软件，会PR基础调色3、具有一定的音乐筛选能力和色彩认知，有良好的审美4、做事细心负责，有网感，能不断提升视频创意仅限25届（无课），需要近期能到岗,https://www.zhipin.com/job_detail/e9de65b82e3b5ba71Xx-3dq5EFtZ.html?lid=4WmKvkdU3Ra.search.60&securityId=DPV3LebnLeW31-w1F7fNf7AIK3eW4K8tQqfAa4tcjuFzX4HKUquWJh24YQFXlImnIv8TCa7CW4qNHyg4d2mHwH7FCh8_OFTX0AsI6p6sAxWTS62dRSeQ&sessionId=
实习生,北京新氧万维,成都·锦江区·牛市口,3.6,4.5,只考虑25届毕业一、新氧愿景：让一亿人安心变美。目前新氧为2500万平台用户提供7000家正规医疗机构服务，26000名有职业资格医生提供安全时尚科技项目。目前已前完成E轮7000万美金融资。二、岗位职责：1、协助城市经理管理运营多家合作医院；2、负责各项提报工作的搜集整理，处理医院问题；3、检查医院主页、案例、私信、流量等；4、督导定位，完成节点活动的闭环流程。5、因公司业务拓展，前期主要下沉机构入驻平台，负责资质、合同和产品上传等。三、任职要求：1、本科在校学生，需保证周一至五上班；2、逻辑清楚，做事有计划有条理，沟通能力强；3、具备多任务处理能力，能快速学习并理解工作核心；4、热爱互联网，了解整形美容行业者优先；5、阳光、开朗、正能量，细心稳重（加分）。6、此岗位实习生需为在校学生，已毕业的不招，勿扰！虽然是实习生岗位，但我们没有孰轻孰重，期待你的加入。,https://www.zhipin.com/job_detail/b5092f6bb229d6b31HBz2d64EVFV.html?lid=4WmKvkdU3Ra.search.18&securityId=4W49SWWKTNEyy-x18I73M2SGUB0D5wa_YLcfDnDhg1z2tS2r45d9XrirtDi4oVCrOC7XwsTuUrsQCskEz2HgY53qyHpwy17pw9qSZvsCv-S8umLb&sessionId=
前台实习生,卓正医疗,成都·武侯区·石羊场,3.9,4.5,工作职责:1、负责协助客服助理做好现场客户服务及管理，如接待到店客户、引导客户填写信息、介绍就诊流程、诊所环境设施等；2、负责按需向客户介绍诊所业务范围、会员制度、各类优惠活动等，并协助客户自助购买会员/套餐、参与活动等；3、负责协助诊所现场物料、环境卫生及安全、非医疗设备的维护；如宣传栏、书报架、等候区宣传物料的管理，巡查环境确保诊所整洁、安全等；4、负责协助客服助理做好文书准备、整理工作，如流程单、客户登记表打印及管理等；5、协助完成诊所同事交办的其他工作，如开闭店、其他非医疗性质辅助工作等。任职资格:1、25届或26届大专及以上学历毕业生；2、计算机操作熟练，熟悉excel等办公软件；3、有良好的团队合作精神、沟通能力和学习能力，踏实努力、有责任心，性格开朗；良好的客户服务意识、现场应变能力；4、每周需出勤3-5天，实习3-6个月。根据实习表现可有转正机会，实习3个月以上可开具实习证明。工作时间排班制，3个时间段：8：00-17：00、8：30-17：30，9：00-18：00，每周休2天但不一定周末休息。,https://www.zhipin.com/job_detail/8fcf8a335c0bf7e61HB-3N69F1dV.html?lid=4WmKvkdU3Ra.search.34&securityId=j6Fbkf-WzNhhk-N1Q6s6E7rLL4_agk8iWGn28nyRtPkUSwQ1vVzYVJ9Na5V60JojvFY0_TBL6iAlLQh4z1llNoS_TzvMu0AFXdMcMyc9bmfqAIM8PPoeMkNNwPBssMXHtQ9zHzsoVSbaMyyi6SCVqWZ_&sessionId=
人资实习生（招聘方向）,第壹街舞,成都·武侯区·跳伞塔,3.9,4.8,"【我们能给你的】1、行业前景：高速发展期，政策支持力度大，一个改变行业的机会；2、公司平台：已获得三家一线资本投资，公司年度增速100%，未来全国10年50城1000校；3、团队调性：友爱活泼的年轻群体，多才多艺的小哥哥小姐姐即兴freestyle，如临炫酷帅炸的综艺现场；4、工作氛围：扁平化管理方式，没有“总”，没有“哥/姐”，积极热情是我司一贯作风；5、日常福利：转正后带薪年假、节日福利、生日福利、超多节假日小礼品；6、日常活动：定期的团队建设、年度出游、读书会、丰富多彩的素质拓展活动等；7、专业培训：新人训/岗前训/第壹大学系列训练营、、、更快地适应工作和节奏，更好的学习氛围和成长空间；8、内部福利：亲友团学舞蹈（街舞、中国舞等）更轻松，福利折扣拿到手软。【我们需要你】 1、进行需求岗位的简历筛选、电话面试、一面邀约工作；2、进行每日个人工作数据的整理统计及日报；3，进行个人招聘台账的记录。【我们期待这样的你】    1、24届25届，大学本科（优秀者可放宽），大学期间有过较丰富的学生工作或社团经历；2、外向开朗，喜欢社交，表达能力出色；3、有目标感。【工作时间】1、周末单双休，月薪3000，按照实际出勤天数核算；2、10:00-12:00,13:30-18:30。",https://www.zhipin.com/job_detail/a813408acee8c66e1HR82t28FFpR.html?lid=4WmKvkdU3Ra.search.81&securityId=pnIMweE2YoSAC-h1z6QVSWsnqyJUbk02aJbdCO2rMNzeX8OX6dYBOin7nHbmbmBOt1SNI7XFbCReuJW_zLROONLW7oKC84Ij3GttPKv6mYGbEp8aqg~~&sessionId=
人事助理(实习生)-无责近地铁,四川天怀创新,成都·武侯区·九眼桥,3.9,4.5,"只接受长期发展,不接受只实习,不接受两人及以上!!!!!!!岗位职责：1、通过网站邀约求职者到公司进行面试；2、人员的接待，登记，及时跟踪回访，不需要外出；任职资格：1、不限学历，不限经验，年龄18-25岁；2、性格开朗，心态积极乐观，学习能力强；3、服从管理，有团队精神，责任心强，吃苦耐劳，勇于挑战高薪；4、热爱电脑行业，无工作经验也可以加入，欢迎应届毕业生，公司免费培训上岗；工作时间：早上9：00-下午18：00，中午12：00-13：30午休，单休周天，节假日正常休薪资模式：无责底薪2800+200+提成+奖金300-1500=综合薪资4000-8000注：不提供吃住，暂不接受朋友一起找工作,接受实习生,不接受短期实习",https://www.zhipin.com/job_detail/073674963fca0d051HV-2t66EFJZ.html?lid=4WmKvkdU3Ra.search.93&securityId=vAcJShi6S2mvi-E1MetUq9sUIH5tk4A7rfo5ZO4RGU75WOoTvo-MsyQ_3iCR_mZpNpUMj5t7ub-yVWn1FY_AYayM8hUxR7hMscbd5nWtKniVcgedrzQC&sessionId=
临床监查员（实习）25届,正大天晴,成都·武侯区·桐梓林,3.9,4.2,岗位职责：1. 协助临床研究中心完成机构的立项和伦理申报等关键流程；2. 与主要研究者、机构办、伦理委员会及GCP药房保持密切沟通与协调，确保研究工作的顺利进行；3. 协助项目管理和临床监查工作，确保试验的进度与质量达到既定标准；4. 积极完成上级领导交办的其他临时性任务，确保工作的及时性和高效性。任职要求：1. 临床医学、药学、临床药学等相关专业本科及以上学历；2. 熟练掌握计算机及办公软件操作，提高工作效率；3. 具备良好的书面与口头表达能力，能够进行积极有效的沟通；4. 每周至少能够保证3天的出勤，确保工作的连续性和稳定性。,https://www.zhipin.com/job_detail/36994e9eb07276b81HF62tS0GFdU.html?lid=4WmKvkdU3Ra.search.11&securityId=R1lzbjWulj9Sk-x1qgdyojFX4CpFENnDIIog1-Gigqo7NByNNJVdV007TapyRzklZaEZdnr11IInJ1Oc1NQaIcmHqv3vOdHm2Au2xigOpyQUDwY6xQ~~&sessionId=
信息补入5K+ 25届可实习,泰盈科技集团,成都·青羊区·天府广场,4.0,7.0,职位详情：通过系统核实vip用户信息， 协助客户添加企微微信，简单轻松可带小白，接受25届实习哦，欢迎宝子们投递简历(#^.^#)职位亮点：1、不推销2、周末休，法定节假日休3、办公环境好4、氛围好 团建多5、综合薪资5K+五险一金6、无试用期 带薪培训,https://www.zhipin.com/job_detail/a29c0c5d8ac332b71HFz3N67FVFY.html?lid=4WmKvkdU3Ra.search.111&securityId=4vBo0UMvmZYJp-t1VTfj5lV-e3pSNeFpH1-8uBNwqsR9yEbnIlf7p7fWGnvmJH_i_5gXRAvVnSrx3SL_9FG4sf99RdsFNaAhe1Brhm-2FfqTYUYFrc8~&sessionId=
实习 5500➕转正 25-75%高额提成➕工作自由,成都链家,成都·成华区·动物园,4.0,5.0,一、岗位职责：       主要负责房屋租赁，二手房新房的销售，门店和网络等多渠道收集客户资源，以及房源，后期通过实地带客户看房，达成一次房屋买卖，租赁交易。不需要你有经验，会有专门的师傅一对一带教，也有带薪培训让你快速成长，只要你想做好，想要得到自己想要的东西，我们给你一个自由发挥的平台二、 公司薪酬：1. 无责任底资5500元（其中1000元为浮动奖金）+转正后30-70%业绩提成。三、发展：我现在是门店的商圈经理，我也是从一个新员工一步一步走过来，在这个公司，真正能体会到关爱和良好的团队氛围，也能让平凡人实现不平凡的梦想，公司真正公平透明的晋升机制，能让每一位员工有展示自己的平台，也能让努力得到认可的人快速晋升。我们也是一个较新的门店，有大把的机会等着你，我们区域房源属于刚需首选，成交量和房源热度是全成都三环内第一，欢迎敢于挑战的你加入我们的团队。四、 公司福利：1. 个人福利：五险三金（公积金，孝顺金，关爱基金）、带薪年假、精英社国外旅游、内外部培训、学历提升计划、节日礼物2. 孝敬父母：孝顺金、关爱基金，节日送礼、“赢亲情人民大会堂国宴”我们有强大的工作系统，一群年轻奋进的同事，有公平谨慎的平台，有融洽的工作氛围，同事之间的相互关爱。我们不需要你太优秀，只需你不甘平凡，敢于为自己想要的生活努力拼搏。我在成都链家等你，在优秀团队等你！在链家，只要你的心是善的，努力是持续，终将取得成功！,https://www.zhipin.com/job_detail/eda0838801ee3e151XJ52N6-EFpX.html?lid=4WmKvkdU3Ra.search.107&securityId=zhEH0CwBEDqtB-P1XWDKFH1b3KG5dIRf2AiSDbCWxr9qebDfvWOLq7_abos7Op-hBYfFIns_aKePcL4NK1zvwparKY7QR481lca_-00a-8edCnE6wQ~~&sessionId=
市场实习生（实习证明+第三方协议）,领嘉创和,成都·金牛区·花牌坊,4.0,9.0,公司因发展需要，招聘10名实习生，无需经验要求，一经上岗，统一培训，一带一保证最短时间上手。提供实习证明。一、岗位职责：1.了解公司企业文化、业务范围、工作运营模式，协助公司管理层处理各种事务，协助部门经理开展管理；2.轮岗参与各部门工作，学习岗位运营流程（市场销售部、行政人力部、运营管理部等）；3.根据个人喜好和强项，轮岗匹配，落实轮岗工作；4.协助部门经理制定运营策略，落实运营项目的展开。二、任职要求：1.大专及以上学历；2.年龄20-25岁；3.接受应届毕业生，在校期间担任过职务，表现优秀者优先；4.性格外向，学习能力强，学习态度好，有良好的沟通能力，有责任心，善于处理突发事件，有长期稳定的工作规划和职业发展；5.熟悉办公软件的操作；6.执行力强，能服从上级领导的安排，工作效率高。7.退役军人优先。三、薪资福利:1. 实习期工资4000-6000元1月(保底+绩效奖金)转正后:5000-10000元1月(保底+绩效奖金);2.入职后免费提供员工公寓，环境优雅，家电齐全；3.内、外培训均免费，在职带薪培训，指定公司中层干部负责；4.定期团队活动（庆功会、公司旅游、篮球比赛、演讲比赛、高尔夫常规训练等）四、公司详情：工作地址：成都市金牛区花牌坊街1号西大国际21楼A2室；公交车：（4、37、56、62-340-107）花牌坊街站或者109-42-93路，锦江公园环线，金仙桥站下即可！就在旁边。地铁路线:地铁5号线花牌坊E口.步行1000或者二号线宽窄巷子站步行1000米；联系人：钟经理联系电话：************本公司郑重承诺:所有岗位入职不收取任何费用，公司免费提供岗位技能培训敬请求职者周知！！！,https://www.zhipin.com/job_detail/c2b3478e89a9dfa51HZ83NW8EFpR.html?lid=4WmKvkdU3Ra.search.136&securityId=s9BOBbO4OHkU0--1rBb-ep61uOq-VmhGYi7SR8DKewdHu0T15cTKCHpUDfO5s7hBg56BbTioscLXza79-seQ3lHsQptOqRpUUrx1eTTmK5xqx_XoFw~~&sessionId=
游戏AI实习生,光宇游戏,成都·武侯区·新会展中心,4.0,5.0,工作内容：1、负责探索计算机图形学和AI技术结合的研究与落地； 2、方向包括但不限于相关软件图形渲染、深度学习图像生成，Fragment Shaders等相关领域； 3、日常工作主要针对游戏画面在AI软件中的生成； 岗位要求：1、25届计算机图形学、数字媒体、人工智能等相关方向专业优先； 2、有数学和代码基础，熟练使用Python 3、有Unity/Unreal等游戏引擎的开发经验者优先； 4、优秀的英文听说读写能力，能够流畅阅读国内外优质学术期刊和论文。 5、喜欢研究市面上最新的技术，AIGC方面的。例如：ChatGPT注：长期岗位 优秀可转正，暑假及短期勿扰，谢谢合作,https://www.zhipin.com/job_detail/4a07cd1a747b2fe71XN63tu9E1BX.html?lid=4WmKvkdU3Ra.search.49&securityId=EiD83zFr7BS6n-Z1gE5dPzmyINaP9xTqLDDKU_bSh1xFXbSKUaeqWHbAaauozGpSTGbrcHPQyJDUvcvCQw0FbX7icF7vBxxi5KtLDboEm0jsmxx7&sessionId=
视频剪辑实习生,云雅科技,成都·武侯区·银泰城,4.0,5.0,云雅技术是一家跨境电商SaaS软件企业，基于大数据和人工智能，为亚马逊全球及其它跨境电商卖家赋能。云雅成立于2013年，于2016年进入跨境电商行业，公司白手起家，一步步成长为行业前二的大数据选品软件服务商。公司盈利健康，最近三年均保持100%+的年增长率，处于快速上升期，不需要融资。公司目前有60+人，分布在成都、重庆和广州，远程协作办公。公司视频组已有3位正式员工，主要负责视频录制、直播等工作，现扩充人员，给大学生或应届毕业生一些实习岗位，希望进来的组员，沟通协作能力强、工作细心，思维敏捷，大家相处愉快。【岗位职责】1、根据需求完成营销视频、及其它需要剪辑的工作内容，确保视频交付效率和品质；2、准确理解视频目的，把控视频逻辑和剪辑节奏，对视频效果负责；3、愿意尝试新媒体的其它工作内容，如出镜、平台运营；4、参与小组视频创意讨论，提供专业的视觉理念与建议。【任职要求】1、有视频剪辑、新媒体经验者优先，25届大三学生优先；2、能熟练使用视频剪辑软件，对热点敏感；3、愿意学习、有责任心、团队合作意识、思维活跃；4、至少能实习4-6个月。职位福利：交通补助、餐补、节日福利、周末双休、定期团建、弹性工作职位亮点：弹性工作 不是高压环境 可随时请假,https://www.zhipin.com/job_detail/fa6231371a5fe8b81HR509-8FFpW.html?lid=4WmKvkdU3Ra.search.125&securityId=MKh2VCpxq73tg-91yxYBHY2jrPxq9D_WjcOEOr7DEbDIyGk8PGiXtvKL7j86axGuXyYy1opDn06Qn1K0dJ8AYvnwefz5wuESQCO0tKxqXsA7gQ~~&sessionId=
物业管培生（2023届、2024届和25届）,新力物业集团有限公司,成都·青羊区·黄田坝,4.0,5.0,物业管培生（2023届、2024届和25届）4k-6k工作职责：1、提升社区服务品质，打造客户美好家园；2、挖掘业主潜在需求，为客户提供有价值的服务；3、满足客户需求、解决客户诉求，与客户保持良好关系；4、代表客户的利益，赢得客户的信任，营造美好社区氛围。发展路径：客服管家——客服主管——项目负责人培养计划：融入期：6个月，入职集训（文化融入、技能培训、业务知识）、在岗实践（导师带教、在岗学习、实操）；蜕变期：1年，专业技能提升、重难点专项突破、管理能力初阶培养；成长期：3年，项目品质与经营能力提升、核心业务管理能力提升、初阶领导力提升。,https://www.zhipin.com/job_detail/7b968eef78e5aee51HB52t27EFVQ.html?lid=4WmKvkdU3Ra.search.116&securityId=48AnN3KCiBzum-21VgdDuz3IS8jhKxvKubjtOz5NQKvOKcGCok6mebrPgu0J9_3HRWWbTYW0G57dkRbJkOFhIuiUWIbYKIHKatCgQD898VMnBlDpvg~~&sessionId=
文员（接受实习生）提供住宿,成都天宇乐维科技,成都·龙泉驿区·大面,4.0,6.0,在线处理电商平台用户咨询的问题，不含任何的销售性质！！综合薪资4000-6000+，一个月正常做4、5k以上8小时工作制，不卷不加班，到点走，工作不带回家，月休6天接受新手小白，接受24届应届生，接受25届实习生（要能立马到岗的），男女不限提供五险一金，可提供住宿，有食堂,https://www.zhipin.com/job_detail/b978fd7b5029a7181HF629i6ElZY.html?lid=4WmKvkdU3Ra.search.130&securityId=9MmyqCW8eqOGY-E1N0AowvDU8DmZnOyFPL_w3mUz19X7Z6HmtciHyZ_XevGQ6P_IMcTttUxmMa0nczZjM9jB6Vutwr4ZOB4WA3rYQpKWgXqnSs1wHCi95o31K-ba-Rmx1iF80IGK_g9XRb_bJrtmYumk&sessionId=
财税实习生/带薪培训/双休,扶君集团,成都·锦江区·红星路,4.0,5.0,1对1带教，带薪培训【工作内容】1、根据公司提供的客户资源平台，了解客户方财务配置情况、了解客户的财税、工商需求并做好登记。2、添加客户微信（有工作微信）为客户介绍公司的品牌和定做方案的优点及服务特色，邀约客户进行面对面交流。3、简单来说前期做好顾客需求登记工作，后期销售的流程由公司部门资深财税顾问负责跟进。重点！！你不含任何销售性质！【任职条件】1、接受无经验和应届毕业生！！大专及以上学历，税务学、会计学、审计学等相关专业优先；2、对销售行业有热情有耐性，性格开朗、有目标感、有上进心、具有良好的团队协作精神；3、形象气质佳，沟通能力良好，具备一定的商务知识。【薪资福利】1、底薪3000-4000（面试定）+过程绩效+6-25%提成+月度/季度/年度奖金+六险；2、早九晚六、周末双休，法定节假日正常休假；3、假日福利、团队聚餐、集体活动、生日part；4、4A级办公写字楼，环境舒适、整洁，交通便利，公司团队年轻化，90后居多，氛围轻松活跃~5、公司团队大，发展好，晋升快！期待有能力的“你”加入！,https://www.zhipin.com/job_detail/c1df27220dda02c31HB82t-9EFdX.html?lid=4WmKvkdU3Ra.search.131&securityId=IKbgVEphoXP1q-N1GfvCh64A_SuxlIZcO9RBms_4-1O0_9ZH_O-xdnD9YFhVfsnVFir_c00hGs9sY4YLrdVtsoDhQ3pu3dGPtLWOkq3CWfYaKZkDmQ~~&sessionId=
python实习生,达观数据,成都·双流区·华阳,4.0,6.0,要求：25届本科或硕士，长期实习，提供留用机会岗位职责1. 负责公司AI产品的后端功能开发、测试和维护工作；2. 改进已有业务架构，提升性能和可用性；3. 参与制定代码规范测试规范，建立起开发质量控制方法；4. 参与各专项技术调研，新技术引入等前瞻项目。岗位要求1. 计算机相关专业，精通至少一门编程语言，良好的代码能力；2. 掌握各种常见的数据结构和算法，了解设计模式；3. 熟悉Mysql或至少一种关系型数据库；4. 了解Linux 常用命令，了解Git工作流程，或者掌握docker、Elasticsearch技术者优先；5. 具有高度的责任感，工作积极主动、学习能力强、善于总结，有规范化文档编写良好习惯；6.能接受客户现场驻场开发和短期出差,https://www.zhipin.com/job_detail/fd7d7640a4822ec21HV639S_GFpR.html?lid=4WmKvkdU3Ra.search.25&securityId=htWr7o_wkeLFq-f1sZNYc8sUjEO8lIq_mbigLo4g_G8FmwJMvlWy_iwHk5curOu5XaePQRY4jrkHG53x5IEMvfNMWw--3f_BBLHFI9YrSsC9vg~~&sessionId=
IT技术开发实习生4K+提供住宿,世心生态农业科技,成都·武侯区·新会展中心,4.0,6.0,岗位职责:1、辅助项目组，参与项目需求分析和设计;2、参与项目设计和开发各个流程;3、辅助进行系统的功能定义程序设计;4、参与分析并解决软件开发过程中的问题;5、配合项目经理完成相关目标任务;6、具有很强的学习和独立分析能力、工作责任心、良好的沟通能力和团体合作精神。任职要求:1、大学专科以上学历，应届毕业生优先。2、热爱IT，愿意深入java软件开发并长期从事3、对业界最新的工具和技术有强烈的求知欲;4、学习能力强，有较强的沟通能力，有较强的理解，逻辑分析能力，能够理解以及处理复杂逻辑。5、因项目需求 暂需驻场办公（高新区）福利待遇：1、具体薪资面议（2.5k-5K）2、五险一金（实习期不提供）优秀毕业者可正式录用当月发放3、提供学习培训机会职位招聘2-5人,https://www.zhipin.com/job_detail/a7535f9129a5d4141XR50961ElZR.html?lid=4WmKvkdU3Ra.search.102&securityId=CxthdbqfftvMj-p13U_O_kWfX4gibdh7x7uybBsdYjCPOxMQz6q6WIMDcGX-PeYcM7edhoTvuApcgos122ZwfYz6TJroXgbR2_97Up7xXlVYOa8tb11F&sessionId=
实习生,四川钱坤,成都·武侯区·新会展中心,4.0,6.0,公司介绍：公司始于1997年，经过20年发展，现有员工600余人，办公区占地6000余平方米。公司位于成都市高新区地铁1号线天府三街地铁口“花样年.香年广场”，因公司业务发展需要，诚邀志同道合，对自己的人生有计划、有要求的优秀人才加入，公司将为员工提供行业内最顶尖的培训和最完善的薪酬福利体系，如果你需要的一个足够大的平台，我们有……岗位说明：此岗位接受2024、25年应届大学毕业生实习，需全职在岗实习，不可经常请假，实习期可入住公司员工公寓。实习生4000元/月+奖金任职要求：1. 大专及以上学历，专业不限，热爱金融证券行业，愿意在金融行业长期发展，有证券从业资格证优先；2. 积极、主动、有悟性、有上进心和责任心，具有良好的语言组织、语言表达能力，适应力及抗压能力强，学习力强；3.刻苦勤奋，愿意从基层岗位做起，如期取得毕业证后，公司将优先正式录用，签订正规劳动合同，购买六险一金。工作地址成都市高新区天府大道中段天府四街吉泰五路88号花样年.香年广场T3楼,https://www.zhipin.com/job_detail/b9b8c457feb6959b1XB-3tq5EFs~.html?lid=4WmKvkdU3Ra.search.19&securityId=Rf4cbYRqP7j4N-61zNk-sU2DrxgimJs7vortWp4YOxppbAC9HGMfaMM6oI8rUM8Q6itYkz7ZOanVneThHMBut1U96GNGVEI1A4silRZczJLDpKSs&sessionId=
实习生 140-150元/天,责任云,成都·锦江区·红星路,4.2,4.5,招聘岗位：实习生招聘周期：长期招聘实习内容：1.参与企业社会责任、可持续发展等领域的政府委托课题和研究院例行课题研究2.参与企业社会责任/可持续发展/ESG报告撰写、企业社会责任战略与管理咨询3.协助举办社会责任系列大型会议，提供材料、会务等工作支撑。薪酬福利：固定工资150元/天实习周期：实期周期至少满3个月，每周工作时间至少3天，每天工作7.5小时，周末双休。招募对象1.大三或大四本科在校生，或研究生在校生；2.专业不限，经济管理、中文、新闻类优先；3.文字能力强、学习能力强、抗压能力强。4.学校封校期间，可线上办公；,https://www.zhipin.com/job_detail/0541ccb96faebbe31XB_39u_F1dU.html?lid=4WmKvkdU3Ra.search.145&securityId=_A5xGJfZ6dkpF-o1EFPK_i1aAYRaemBiLH45MHGzU1YOQ0EGoTQB1y76HdEtXnssiCXWtEE1J-ldidr5VJoGpeb1FuHx1_f6xIpb8lNbPRuKFrOI3PI~&sessionId=
教研实习生,西瓜创客,成都·双流区·华阳,4.2,4.5,【你来做什么？】1.Demo 设计:与大家脑暴有趣的作品，用编程知识实现程序效果2.赛考解析：分析赛考题目，制作讲解视频3.课程上线：参与课程配置、代码检测、代码操作演示等环节的课程制作工作4.课程迭代：拉取课程问题，在有经验的教研带教下分析课程卡点，寻找优化解决方案【你能收获】1.头部互联网教育公司实习机会，提供实习证明；2.全流程，全方位，多角度参与课程研发过程，提升产品、开发、设计能力；3.扁平化学习型的工作氛围，导师1V1带教，提供多元化的培养方式，周围都是大佬同事；4.团队建设，不限量提供咖啡，茶包，免费借书等多种福利，公司定期组织分享交流，倾听成长心声，提供充分指导和帮助。【我们需要你】1.本科及以上学历，25届及之后或已保研的同学，计算机相关专业，写过程序或参加过编程、创客类比赛优先；2.工作耐心、细心、负责，对教育有热情；3.每周实习5天，可实习3个月以上。,https://www.zhipin.com/job_detail/40513d7772a4b32e1HJ_3N2-FFdS.html?lid=4WmKvkdU3Ra.search.45&securityId=xvMmoIpoE85a--01W6zZiEHrl76wCZPZHilDl41LodpsJ3LtyyZ79toyr8ltMS0D-5y21rJiVSVhlfauExWtu29v0fs7kkgt7waNVTu79oPITK1m&sessionId=
招聘实习生,自如网,成都·武侯区·桂溪,4.2,6.0,岗位职责：1、协助Recruiter完成招聘相关工作，如筛选简历，电话沟通，邀约面试及接待面试等；2、协助进行招聘渠道维护相关的工作；3、协助进行人力资源相关的数据统计工作。任职要求：1、 25届及以后毕业本科及以上学历的在校学生，专业不限，人力资源优先；2、 对人力资源方向有兴趣，具有强烈的责任心、良好的沟通能力以及渴望学习的态度；3、 每周至少实习4天，能够全勤的优先，可以实习3个月及以上，可尽快到岗。4、薪资：基本薪资120-140元/天+招聘绩效（入职1人：100-150元）,https://www.zhipin.com/job_detail/73a04a8573a067541nx43di8FVpR.html?lid=4WmKvkdU3Ra.search.46&securityId=IBu2Hz4ZEcrSy-C1k7AFgnvM2t8_ODh_MAlsjRSRnRcefQT-ci33OTTqWtOPDt3Ju0PlmPNq6spx5QH-pVnM1Q7K37csSp8qM1cC1LtU3wY9fxUfkVs~&sessionId=
嵌入式软件开发实习生,笛思科技,成都·武侯区·成都高新区,4.5,6.0,岗位职责:1. 参与针对芯片的验证软件开发；2. 参与嵌入式平台Linux的驱动开发和FPGA原型测试用例开发工作；3. 参与芯片SDK的设计与开发工作；4. 有机会系统学习芯片SoC架构知识；岗位要求:1. 211/985/双一流院校，通信/电子/计算机/软件等相关专业24/25年应届毕业生，硕士研究生及以上学历；2. 对通信/芯片/嵌入式行业有浓厚兴趣，热爱研发工作；3. 熟悉C/C++语言，熟悉嵌入式处理器外设驱动及控制开发；4. 熟悉Linux嵌入式系统的原理及组成；5. 学习能力较强，喜欢专研技术，有良好的团队合作精神.,https://www.zhipin.com/job_detail/92783c6467e0f9711HR-29i6FVpR.html?lid=4WmKvkdU3Ra.search.94&securityId=5fw5oaUGezJm5-T1r8-V1nqp9vOV-jFeXxSm8_C2GPwYvOZA0A1oemZZsqe1z2cn7lihwP5vNEeHomqbP2S9NBOd3nRXLRLXKHv27MpB0GHXdgLFsHgs&sessionId=
医学信息沟通实习生（成都）,长春金赛药业,成都·青羊区·金沙,4.5,6.0,【了解金赛】  金赛药业是中国基因工程药物质量管理示范中心，国家基因工程新药孵化基地，国家科学技术进步二等奖获得者，拥有亚洲重组人生长激素生产基地，是长春高新（股票代码000661）控股子公司，行政总部和生产总部设于长春。【岗位职责】 1. 全面了解金赛发展史、文化及核心价值观； 2. 学习业务流程，熟悉产品推广模式，掌握相关专业知识；  3. 接受适当培训，跟随导师学习合规的工作方式以及了解学术推广活动的组织； 4. 熟悉金赛医学信息沟通专员的工作内容，学习幻灯片制作及业务数据收集、分析技巧，练习幻灯片演讲；  5. 了解和发掘潜在客户，管理维护客户关系，提供专业的咨询及建议；  6. 在实习各个阶段接受学习成果的考核。【岗位要求】  1. 大专及以上学历（2024年及以后毕业），医学、药学、化学、生物/制药工程、医药营销、生命科学、动植物学、环境/能源/资源工程等相关专业；2. 熟练使用MS Office；  3. 良好的沟通能力和较高的人际敏感度； 4. 主动学习能力强，不甘平庸；  5. 乐观积极，坚韧抗压；  6. 良好的团队合作精神，主动承担。  【待遇】 1. 实习阶段：大专150元/天，本科175元/天，研究生200元/天；2. 实习期住房补贴：600—1200元/月  3. 实习通过测评评估有机会给offer正式录用：基本工资+交通通讯补贴+奖金，正式录用前半年持续享受住房补贴，为你保驾护航。业绩达成综合年收入可达15-25万。4. 正式录用后其他福利：六险一金+节日礼金带薪年假+采暖（北方）/高温（南方）补贴+结婚礼金+生日礼品+托儿费+团队家庭日旅行等。 【我们的实习还提供】  1. 提前起飞的正式录用机会：实习后通过测评评估可提前给offer的靠谱工作岗位 2. 产品专业性强，配套高质量的演讲、学术知识、疾病知识推广、管理等培训  3. 产品市场前景好，潜力大。个人职业发展前景可期：量身定制职业规划及晋升通道，发展机会多,https://www.zhipin.com/job_detail/5a44323d962f41c51nx-3925EFJW.html?lid=4WmKvkdU3Ra.search.71&securityId=SXQCX5tEOnkxO--1zdw5EG_ZrWvwzebtEFWVHbhFSRwf-wvBDjWn9dZpoL-r4vM4i0WRC5Hgu3UFqZDGeG1up5LKjVjmb9mr3egmYltcLrtaBSak&sessionId=
25届前端实习生,致远互联,成都·双流区·广都,4.5,6.0,"岗位职责：1、了解并掌握业务空间的运行机制与栏目开发机制； 2、根据产品需求，协助完成产品前端开发等； 3、解决开发过程中遇到的疑难问题。 岗位要求1、计算机相关专业【2025届毕业生】本科及以上学历,优秀者可转正；2、熟悉H5,CSS3,以及JavaScript，了解前端框架以及工程化管理；3、熟悉VueJS,并且有一定的项目经验； 4、有一定的数据结构，算法能力，了解计算机系统和计算机网络的基础知识； 5、有良好的责任心和主动性，做事认真、细心，善于总结和分析",https://www.zhipin.com/job_detail/7a5a72d2382dfa441HJ42Nq0EFBX.html?lid=4WmKvkdU3Ra.search.4&securityId=rp95Mmj7C9thb-t1hcZhG4wgXG3AmyMoOY93Rms_ssToAbs6FAPdvI9hddR0lACJQkAKul8fnuS4bTlB1G9iSzpA_9sgC1lizwUXRjovIBqiCA~~&sessionId=
锦江区直播运营实习生,锦江区柯布商贸部,成都·锦江区·攀成钢,4.5,6.0,柯布电商以抖音电商、微信视频号带货为主，因业务需要，招聘直播运营25届实习生。直播运营实习生，第一个月3000起，第二个月3500起。个人工作能力及工作表现较好，且项目经营业绩良好的情况下，发放500-1000绩效。【工作职责】1、短视频剪辑（简单的带货类视频混剪为主）2、直播运营（样品准备、直播场景布置、直播后台操作）3、出镜直播（简单介绍商品，1-3分钟话术循环说）！！！【工作时间】八小时工作制【任职要求】1.25年毕业，大专及以上学历，只考虑可稳定实习2个月以上的全职实习生。2.能熟练操作剪映软件，具备10条以上短视频剪辑经验。3.对直播带货有兴趣，想学习直播运营相关操作流程。4.不恐惧出镜，口头表达流畅。（非娱乐直播及自然流憋单直播，短视频引流直播间，只需要简单念稿式循环介绍商品即可）5.成都本地院校优先。（无经验者勿扰）欢迎对直播电商行业感兴趣的实习生加入！给你一个锻炼的机会和入行的机会。,https://www.zhipin.com/job_detail/9b83efc4731223ea1HRz2t28F1JZ.html?lid=4WmKvkdU3Ra.search.87&securityId=jfowznZ6oCKJm-F1BqSEdHjGO4sdLrIMV1XUGyoIRkdqrm43vlW9C3UG-26bJ_ZpZtTVsvnRYDJnmaf1ZwZ2nIHyhA5M9XgtPV406dAx4G6f08Bug15S&sessionId=
hr实习生,小牛互联,成都·锦江区·春熙路,4.5,6.0,岗位职责：1、负责日常社招和实习生招聘工作，根据JD筛选、推荐简历，协调面试官、候选人沟通，跟进面试安排、面试反馈等招聘整体流程 ；2、员工入离职手续办理，入职培训的开展，档案管理等相关工作；3、协助支撑业务团队管理工作，做好员工沟通，包括异动沟通和员工日常关怀，及时发现并反馈问题；4、其它HR工作事项的支持。岗位要求：1、本科及以上学历，人力资源、中文、社会学或法律相关专业25届应届生，熟悉劳动法；2、熟练使用办公软件；3、开朗大方，积极主动，自驱力强，富有责任感，善于沟通，同理心强。,https://www.zhipin.com/job_detail/ddf153a97188417e1HB_3di5EVpY.html?lid=4WmKvkdU3Ra.search.47&securityId=EmyuiA-WB1RG5-s1RK8ubSgGQqOcH3bbv58Nht7Vj_Z1O8e6ZEWGRtp_Rp9oEYLM5pLRs9e2ZKUugLofnKnUIG6CHVJdmr5cGv3B6WKTl7DaNcSirqNqKFH7kaM0e1vl7KTtoT2FE54I5pkl7RfB&sessionId=
web前端实习生,零拜上海,成都·武侯区·中和,4.5,6.0,岗位职责：负责完成pc端、移动端页面的开发制作，负责系统前端设计编写；参与讨论、定义整体产品体验和技术方案；持续优化前端体验和页面响应速度，并保证页面的兼容性和执行效率；协助部门领导对发现的与前端相关生产问题的处理和解决；研究前端新技术，持续推进前端代码框架升级，不断提升前端产品体验。任职要求：计算机、软件相关专业；熟悉HTML5/CSS3，JavaScript，Ajax，PHP等前端基础开发技术；熟悉Vue、taro、flutter、uniapp等框架的优先；熟悉各种浏览器的兼容性调试，有web、app、平板，小程序项目开发实习经验的优先；工作积极主动、责任心强；限25年届毕业生，择优转正。,https://www.zhipin.com/job_detail/75eba87977b6448e1Hd709m-FVpS.html?lid=4WmKvkdU3Ra.search.69&securityId=_u_iYe0yqjc9I-V1K7Bp-ZnFU3RNo1HDatQa2tj2nu_DiU8JT-EvlLnOoWiUluv-GhfmSAJfPmXyQWXq0YCh7PDUrvEN0LQICuV0BTYmwZjpCWQUEARg65heUwbw2IDd7xWB-IIuGjepAIArXWDgB_Y~&sessionId=
25届毕业生-实习生（神州租车各门店）,神州租车,成都·锦江区·红星路,4.5,5.4,工作内容：1.体验互联网租车出行方式，了解租车门店服务标准并执行；2.处理客户取、还车咨询，提供和收集服务建议；3.进行门店所属车辆的维护、洗车、加油等。职位要求：1.25届大专及以上学历在校大学生，一年以上驾龄；2.满足每周可出勤5天实习；3.积极乐观，身体健康，吃苦耐劳。薪资标准：基本工资2000元+餐补300元+绩效，到手4-5千面试地址：成华区华彩路99号呈祥国际1栋903号-神州租车 工作地点：火车东站店,https://www.zhipin.com/job_detail/f717d108156743db1HB40960FlNY.html?lid=4WmKvkdU3Ra.search.8&securityId=yaixDVweXkG4l-o1V7PZLQq2SenLao80Z6tmCrA0th3J6cI8hI78hTXEWUUW8l77E_-eRE2Z6QQaUop5ylzGR2Gc6qUbXJMShQrCI6Y8_pS5&sessionId=
平面设计实习生,百词斩,成都·武侯区·桂溪,4.5,5.1,【岗位职责】1. 协助百词斩各sku宣传物料设计、投放物料设计等工作，主要包括广告banner、落地页、日常运营物料等2. 协助百词斩活动中品牌相关的平面物料设计【岗位要求】1. 本科以上学历，艺术设计、动画、视觉传达设计等专业优先，有经验者优先考虑2. 有较强的审美和创新能力， 对设计趋势有较强的敏感度，具备开阔的眼界。3. 责任心强，有耐心，具有较好的团队合作意识以及沟通能力；有较强的反思能力，乐于学习4. 25届及以后毕业的本科/研究生；简历需内附作品集,https://www.zhipin.com/job_detail/420db70d2c756c931HB52di5EVFT.html?lid=4WmKvkdU3Ra.search.52&securityId=BiU0g05e7BRPI-M1cgBxwZmRQZO9l1LbRtF3DkrdjjOBXImbDE1b5-StrWE-6v68hySKQYV4741vkeDIO95rCWMBwj_8wbVCy5iW9q_2aTCiOGBG&sessionId=
招聘助理实习生,朴朴,成都·成华区·红星路,4.5,6.0,！！！！24届、25届、考研群体、备考群体均可，长期实习可到10月份【工作职责】1、根据现有编制及部门招聘需求，开展并组织招聘工作；2、协助管理及控制招聘流程，确保与各部门的流畅对接；3、定期开展招聘复盘与招聘数据分析。【任职要求】1、大专及以上学历，有招聘工作经验优先；2、普通话良好，能准确的表述招聘要求， 熟练运用各种招聘工具和手段；3、工作积极、主动，且具备较强的抗压力；,https://www.zhipin.com/job_detail/59780d262c474cbf1X172Nq5EVJS.html?lid=4WmKvkdU3Ra.search.74&securityId=iajadhiAlkn8Q-S1uUvjGxlL8BpE46T3OOSNk9lNfLz4tR-_F5AuUhfDU0Jx8gNpZ4CSTW244Dm0IvKBaZ7XjHAkm0Z3iXFCvxNNH9nmDbYBr6bF&sessionId=
直播场控/中控  实习生,BlankME,成都·武侯区·桂溪,4.5,6.0,工作内容：1.	协助主播把控直播间节奏，积极与粉丝互动，调节气氛，在直播过程中推广品牌及产品2.	协助主播完成平台分享、关注、回答提问等任务;3.	负责品牌自播间中控，做好后台基础操作，如链接整理、库存修改、利益点的描述等；任职资格：1.全日制大专学历及以上；摄影，影视，播音主持相关专业优先；2.可提供一周4天以上的出勤时间；3.抗压力强，沟通能力强 日薪150，按月结算，每月16号统一发放到银行卡中注意事项：此岗位工作时间为排班制，早晚班倒班，早班8:00-17:00 中班13:00-22:00 晚班16:00-1:00，做五休二，晚班可使用公司账户打车。,https://www.zhipin.com/job_detail/a5b79eeb5378fb401XFy2tm5GVdR.html?lid=4WmKvkdU3Ra.search.141&securityId=q4E95CnOKy103-P1d7pDdSiHYPARM-EPhcc6A7Wz7SvyHZjSC7bpdxEHdHlKhVrSqnBIBrm1ghXz3ycPcV1rJV1VPn6uCqltp5pZbZKY6VQ4if9-BA~~&sessionId=
软件交付实习生,北森云计算,成都·武侯区·中和,4.5,6.0,工作职责：1、解读客户业务解决方案以及实施配置清单，可按照相应文档了解客户业务模式； 2、根据需求设计人才管理系统实施方案，协助完成人才管理系统的配置和开通； 3、与内部项目经理进行沟通，保障实施配置的完整性、准确性，并反馈最终配置结果；任职资格1、24届/25届硕士及以上学历，计算机、人力资源管理相关专业优先；  2、快速学习的能力及较高的灵活性，思维活跃开放，能迅速接受新知识； 3、有一定的文字功底，能够在项目完成后总结提炼项目最佳实践，编写项目案例。 4、具备良好的团队合作精神和沟通能力，责任心强，积极主动，认真负责，能够承受较大的工作压力。,https://www.zhipin.com/job_detail/7f19d453b55903111Hd62d29F1RR.html?lid=4WmKvkdU3Ra.search.54&securityId=bV4gwN0jAVgQa-W1PGqhuuFOsLAtI4kDXIGQfu9Lssy6T4tpMw0tIQi0az4XCo6dhPFBtfHCpBM41wI3v5xLaGJtzaxxdEJlDZuqu1_54ZYNVLYT&sessionId=
运营实习生【小红书】,书声科技,成都·武侯区·成都高新区,4.5,5.4,【职位描述】1、小红书运营：负责海外中文项目旗下小红书账户的粉丝运营，包含私信及评论区维护；2、数据分析：每日统计小红书账户相关数据，并在leader的带领下进行数据分析及输出优化建议；3、达人对接：配合部门目标，进行小红书达人投放筛选及后续对接。【岗位要求】1、25年及以后毕业的在校学生，可长期实习（3个月及以上）优先考虑；2、性格外向，热爱与人聊天/交流/互动，有能力与责任心处理各种突发情况；3、有留学背景/英文基础 是加分项。,https://www.zhipin.com/job_detail/dcfd5127a78d156e1HJ_2dq_F1dY.html?lid=4WmKvkdU3Ra.search.68&securityId=ggku1fdnqJN89-J11msNRe3U_0Ja7rjeyhPRzFou6LgrqrQF9G6BdgZtx5qZ_2u86KiFS21gHbkyu1DVJ_cdMoBpwhIm85q2yQw1zFeYRZ-tWxOeHoP9F0PAEETj9bNp7TKOzJESx0bybpPVlm3Rd0A~&sessionId=
人力资源 实习生,钦原科技,成都·双流区·华阳,4.5,6.0,岗位职责：主要负责人员招聘、简历筛选、邀约面试，招聘数据统计等任职条件：1、有软件测试行业招聘经验优先考虑2、25届实习生，仅限实习生，仅限实习生，仅限实习生！！！其他勿扰福利：上班时间9:00-18:30，周末双休，节假日福利，不定期团建等等。,https://www.zhipin.com/job_detail/ef3bb328a28f717c1HJ_2dq9GVNQ.html?lid=4WmKvkdU3Ra.search.16&securityId=wkLx6iYzsrU8G-I1WtaBN_ROnhuo3fD-fiQuUf9zZBt0uxeYZK9PYna_0fk6gRSkUIex2DgM5kq-e2eCEaGs_FW1SNkzLq-aBnOgws6ibz97hrqQ4nIa&sessionId=
高额提成25-75%，五险三金，上班自由,链家地产,成都·温江区·涌泉,4.5,9.0,【加入链家大家庭的福利】薪资：1、A0级别员工：底薪4500-5500元（实习期1-6个月）；A1及以上级别员工：（25%-75%）高额提成，享受保障薪资3000元-6000元2、惊喜连连：各种激励方案+五险三金（公积金+关爱基金+父母孝顺金）+过节福利 +法定假日+国内游/境外游等多项激励和回报；晋升：1、完善的职业晋升计划及空间（经纪人→店经理→商圈经理→区董→营业总监→分公司总经理）；2、全面房产业务知识培训(房地产法规，交易按揭流程，营销实战技巧等)，专人一对一指导，老经纪人带新人；3、优秀员工可参加“链家精英社”，助你一步步成为优秀领导者！其他福利：1、丰富多彩的文体活动、每季度大型颁奖会、销售精英年度巨奖和每季度境内海外旅游！2、国家传统节日发放丰厚物资福利，员工国家法定假日正常休假！3、统一免费配发办公用品、工牌、司徽，让你工作无忧！【职位描述】1、不再茫然电话，你为客户提供线上线下房产买卖服务；2、不再苦苦等待，客户手机预约，浏览公司房源信息与客户资源，进行匹配、约看；3、你要成为客户的知音，了解客户需求，提供合适房源；4、你要及时接受客户预约，陪同客户看房、拜访、洽谈、谈判，达成业务成交；【任职资格】1、性别、专业不限，年龄20-40周岁，全日制统招大专及以上学历；2、拥有强烈的成功渴望，拥有敢拼敢闯的精神；3、有很强的人格魅力，意志坚定，漠视挫折；4、有进取心，有目标和动力，具有向高薪挑战的信心和决心；5、积极向上、知行合一、品行上佳者优先考虑成都链家期待与您共同成长！,https://www.zhipin.com/job_detail/b3ef6f59389cfd841HVy3tW1F1NX.html?lid=4WmKvkdU3Ra.search.115&securityId=I83FyL7Pi68TS-l1GpLFU6eMBR6svtjaT3AOPvF2Nn036Ivwiw4rVZdc5Wu6DmxA9W9vSoL5LLFpjXhq8E5WhoZEBAR0WUcBiNeDkvjgaZK-hkJZvw~~&sessionId=
测试实习生（可实习6个月以上联系）,译讯科技,成都·武侯区·新会展中心,4.5,7.5,"岗位职责：1、协助进行软件产品的功能测试、回归测试、性能测试和用户接受测试。2、帮助编写和维护测试用例和测试脚本。3、参与测试结果的记录和缺陷跟踪。4、与开发团队合作，确保问题得到及时解决。5、参与持续改进测试流程和方法的讨论。6、学习使用测试工具和技术，如自动化测试框架。任职要求：1、25年毕业计算机科学、软件工程或相关专业。2、对软件测试和质量保证有浓厚兴趣。3、具备基本的编程知识和技能，熟悉至少一种编程语言（如Java, Python, C#等）。4、良好的逻辑思维能力和问题解决技巧。5、能够独立工作，同时也是团队合作的良好伙伴。6、良好的沟通能力和学习能力。7、有使用测试工具（如Selenium, JIRA, TestRail等）的经验者优先。",https://www.zhipin.com/job_detail/86619e4eec81334c1HB52tq5EFpR.html?lid=4WmKvkdU3Ra.search.100&securityId=UmGo4UWm1o_gr-Z1EQD672egoNzMuxU0tsGSAsAkwx3gBZPBtr4Nr4-ra-dHzZAO5GJTjpurQml3M38xv33quhAVLZRTeW1UqCIC9vBaMlCbFvEPZw~~&sessionId=
原画实习生,Castbox,成都·武侯区·银泰城,4.5,4.8,职位诱惑：氛围nice 免费餐食 学习空间 零食饮料 不加班职位描述：1. 协助原画师完成休闲游戏场景、角色、道具等的美术资源绘制；2. 与团队保持良好的沟通和协作，理解并满足项目的需求和限制；3. 善于尝试不同的风格，欧卡为主；我们希望你：1. 25届在校生，其中场景原画经验者优先考虑；（非在校大学生谨慎投递）2. 美术基础扎实，具备良好的色彩运用能力和丰富的想象力；3. 熟练掌握相关2D绘图软件；4. 对游戏行业有浓厚的兴趣并提供PDF相关作品。5. 对AIGC有兴趣。note：应聘岗位请投递PDF简历+作品集。补充信息：工作时间：10:00-19:00，周末双休。我们欢迎有创造力的人加入我们这个充满活力的团队，与我们一起创造优秀的休闲游戏。,https://www.zhipin.com/job_detail/bc350e84f94041fa1Xx40tW4EFFT.html?lid=4WmKvkdU3Ra.search.28&securityId=DsZK6ZevvA17D-g15vP0jYxoqMLJ1LSTk4MkhhwaFCMaZC_X_LP0SfhUu1brkX061hF5Eq2mRhPgSREyqskceh1zicLx-6mAOjx_zPpWLCFpgTyF0T_dErL11cX89YYKs36oJNCbKdJYsBg7K9Q2ZA~~&sessionId=
销售内勤实习生,丁点儿,成都·金牛区·金泉,4.5,5.1,岗位职责： 1. 协助办公室完成日常档案管理工作，包括客户档案、订单档案等； 2. 负责办公室数据的收集、整理、分析和报告； 3.完成领导安排的其他工作。任职要求： 1. 25级大专以上学历毕业生，专业不限；  2. 具备良好的沟通能力和团队合作精神，能够积极主动地与团队成员协作；  3. 熟练掌握办公软件，如Word、Excel等； 4. 具备较强的数据分析和处理能力，能够完成数据分析； 5. 具备较强的学习能力和适应能力，能够快速适应工作环境和工作内容；  6.本行业或相近行业数据统计或销售后勤工作经验者优先。岗位薪酬：月薪3000+每天15餐补,https://www.zhipin.com/job_detail/b3044fafbe21f7411Hd93dq_ElRT.html?lid=4WmKvkdU3Ra.search.76&securityId=dvmC57qWqpnQI-_1O7jqN0JrR65W3d6bPhElqCjWVFnWKIwe1PsQcRx7t7-3TUI9sPYOdCK5VbAF0DDjmxt3TCm1KmIiMVMELfAvRVp8UO1ypYkDXEQ~&sessionId=
【接受24年实习生】 骡马市地铁A口,兰润家居,成都·青羊区·八宝街,5.0,8.0,公司成立于2007年，成都本地16年老企业，4层独栋办公楼，靠谱企业~工作环境氛围好，工作内容轻松简单经验和学历都不是硬性要求，主要是沟通能力，欢迎有兴趣的小伙伴联系哦~~岗位待遇：1、均薪6000+2、带薪年假15-25天3、公司提供专业化的培训，前期有老员工带工作要求：1，年龄20~35之间，性别不限，2，富有亲和力，具备良好的沟通能力。,https://www.zhipin.com/job_detail/5afbea0f2116ffaa1HV63t-0GVNY.html?lid=4WmKvkdU3Ra.search.137&securityId=xeKuVhkcTRyCi-m139wZuoBVxtVxM0b8MG33cFqKeYqGxrVYGhcDuOI07fvzS53T_GQgWID2Fe7Tq2g3Uy27ZdmiPxgNCaSqhyPohcRzhYhXAr6FlQ~~&sessionId=
5K国企文职实习生（包吃住+三方盖章）,伽睿,成都·双流区·天府新区,5.0,8.0,【不含销售性质！超简单工作】开放线上面试，不用担心白跑，平台最大，不加班，有食堂，提供住宿。欢迎应届毕业生加入！~【超简单！工作内容】：负责简单纯接听中国联通 10010 岗（均通20+秒，10秒合格）： 解答联通⽤户查询、咨询等；例如：话费查询、费用争议、业务办理、处理⽹络故障、手机座机欠费等。【薪资福利】：1、综合4-8K，{试用期}薪资不打折扣，多劳多得。2、其他奖金：月度评星(100-700元)、营销高额2-5K+提成(客户主动来电办理套餐、缴纳话费等)、季度晋升等（最高可达1W以上，多劳多得，上不封顶）【福利】1、培训完毕盖实习章+三方协议2、高级办公环境，无需外出、提供食堂+住宿：（浴室、洗衣机、热水器、空调等措施完善，拎包入住。）；3、提供完善的带薪培训，提供转正机会，购买五险一金【岗位晋升】1、⼀线－⼆线－班⻓－主管－经理－总监（职能相关岗位&数据质检培训相关岗位&重要条线管理岗位&专家岗位）业务&运营管理线/销售管理线/职能管理线。2、3-6个月公开透明职位晋升，国企业务背景出去可随意看客服管理岗位,https://www.zhipin.com/job_detail/064dcb88cb9305271Hdz3NS6FVJT.html?lid=4WmKvkdU3Ra.search.139&securityId=q63Aj2jEK6SRL-M1tx2Z9ot-um67GnU-iM5dm_pv-fGoIbL5EnO_qW47k8ucFhhQcdpJ11iF-dM4XTeFX5Q7I9xJ38l7W0fjwTrYKrBT65A19HXQvJs2WK9T0hLko-3G2S8mm-foyMH3rKD6M_73fk6o&sessionId=
实习底薪4500+高额提成25%-85%+就近分配,四川链家经纪有限公司,成都·金牛区·茶店子,5.0,10.0,1、学历要求：学历不限2、岗位要求：语言表达能力强，善于沟通，形象气质佳，执行力强，有上进心，有目标感 服从团队管理3、上班时间：早九晚七，中午休息1个半小时4、薪资待遇：无实习期+高额提成（上不封顶）5、其他福利：五险一金，免费体检+过节福利+关爱基金+父母孝顺金+国内游/境外游等； 6、工作内容：（1）、负责维护各个线上渠道的房源，保证信息准确、真实； （2）、负责客户的接待、咨询工作，为客户提供专业的房地产置业咨询服务；（3）、了解客户需求，提供合适房源；帮助客户安家。 （4）、负责商务谈判、合同签署以及房屋过户手续办理等服务工作； （5）、负责公司房源的开发、维护与积累，并与业主建立良好的业务协作关系。晋升经纪人→店经理→商圈经理→区董→营业总监→分公司总经理公司介绍链家简介：链家成立于2001年，是中国领先的房地产服务企业，业务覆盖二手房、新房和租房等房产交易服务。链家已进驻北京、上海、广州、深圳、天津、成都、南京、大连等三十余座城市，门店数量超过8000家，经纪人超过15万名。链家具备高效的线上线下一体化服务能力，线上覆盖,https://www.zhipin.com/job_detail/b4ab088db981089d1X1529S5ElVY.html?lid=4WmKvkdU3Ra.search.234&securityId=lkwyxF2t4GH16-R1v0tcrHfdq3l5EW1Z2UhRa8so0SvwyN-HgaJ-CtMkr5zHnqSA7k-bvjUYzUP_ZSu5ybthQ6pB3_EkHIDs8NyIUjFv_YLcmC9ElHE~&sessionId=
可实习提供证明25/小时,富士康科技（总部）,成都·郫都区·红光镇,5.0,7.0,经验不限学历不限普工可兼职最好部门提供吃住7号发薪富士康科技集团有限公司测试工程师测试工程师测试工程师,https://www.zhipin.com/job_detail/181d02fca2d8f2d11HBy3t-6GFBT.html?lid=4WmKvkdU3Ra.search.108&securityId=pfA8ZH6Z77ZU3-_13OvM9zNL4yl8QFjxyNqh5J-IFYczHcXDiCHH4PwGTpQ47gCGCULFLieIWRRzHG55s_S1cM2149bwlPpR2FAtuonMAZrxuVlGr7M~&sessionId=
真实上五休二+可应届/实习生5K,四川筑建优才企业管理,成都·青羊区·天府广场,5.0,10.0,Hello，亲爱的Boy/Girl不要害羞哦，我不是那种严肃的HR！！找工作都是双向选择！！多一份offer多一份选择，主动联系我，给彼此一个机会~工作氛围轻松，主要负责为客户提供咨询和业务代办服务，只提供服务，不推销产品，男女不限，有良好的服务意识，会基本的电脑操作即可。       1．月薪：底薪4000 (包含200全勤)+阶梯提成(10%-26%) +300管理津贴+活动奖金+季度分红=8000-15000，优秀者月入2w+。       2．午休2.5小时，周末双休！双休！双休！严格按照国家法定节假日休假。（打败成都百分之八十企业）       3．涨薪：所有人员每年享有四次涨薪机会 ，按季度进行工作考核，达标的进行涨薪       4．享受国家法定过节福利、礼品及过节奖金。      任职资格:1、性格开朗、口齿清晰、语言表达流畅；2、学历不限，经验不限；3、欢迎优秀应届毕业生加入；小白也可，有老员工手把手教你哦！办公地址：(乘坐地铁1/2号线天府广场站C口)成都市青羊区天府广场城市之心15楼一整层,https://www.zhipin.com/job_detail/da9117d6d077f90f1HBz2Nm0ElFT.html?lid=4WmKvkdU3Ra.search.106&securityId=VtZKOyabSfFQV-51SYo5XiVDrW3aBwI5gSigMAjcVVS7MEZS9NdzihPLsEz9ydXiziJdTVmAT4qe5fSg3WTOmHUWcYjyaWo2VCDa-VChj4-l6PwlVowP&sessionId=
上五休二/真实双休/无考核/实习生,君自诚,成都·青羊区·天府广场,5.0,9.0,我们公司是一家做企业咨询类的工资，目前集团1000多人，总部位于成都城市之心，现准备扩大业务范围【公司直招，非外包，非贷款】工作内容：给企业提供咨询服务，业务办理和法律咨询薪资：底薪+阶梯提成(16-26%) +300管理津贴+活动奖金+季度分红=8000-15000，优秀者月入2w+。涨薪：所有人员每年享有四次涨薪机会 ，按季度进行，达标的进行涨薪试岗：无试岗期，试用期3个月 自动转正无考核（也可以选择提前转正）上班时间：冬季9：00-18：30 （午休2h） ，周末双休，严格按照国家法定节假日休假夏季9:00-18:55（午休2.5h），周末双休，严格按照国家法定节假日休假福利：1.享受国家法定过节福利、礼品及过节奖金。2.带薪旅游，下午茶，社保3.基本的员工生活用品关怀 任职资格:1、性格开朗、口齿清晰、语言表达流畅；2、经验不限，入职有带薪培训；3、欢迎优秀应届毕业生加入；,https://www.zhipin.com/job_detail/7b090a80322da1c51HB82Nq6EFVT.html?lid=4WmKvkdU3Ra.search.103&securityId=goRpRudE3KDun-Y1Y9LjsNyzAGoInb4EuAcoj80rBDDarTWwzUAW6j_9lnrUaURS5KEBC7pkIGheWlPq6NXlIzdlIsom3IP7R33O8zT-gSkkw3-HiP43&sessionId=
安服实习生（西南西北）,长亭科技,成都·武侯区·中和,5.4,6.0,岗位职责：1、参与公司渗透测试、安全加固、应急响应等相关业务工作2、撰写渗透测试报告以及相关说明文档3、对测试目标进行安全测试后能给出加固方案岗位要求：1、25届及以后在校生，统招本科以上学历，有一定的渗透经验，有扎实的专业知识，能实习半年以上优先2、对常见Web安全漏洞的原理、危害、利用方式及修复方案有较深入理解3、熟练使用主流的安全工具，能够以手工或结合工具的方式进行安全测试4、对新技术具有敏感度和兴趣，有较强的学习能力，具有良好的抗压能力和沟通能力,https://www.zhipin.com/job_detail/e44bdc0ee499a2bb1Hd93N-5EFNV.html?lid=4WmKvkdU3Ra.search.53&securityId=dHZ9jFSa6cJp3-o1bOMz6KEzIiwoquu_LBf40YniTUJNN37DM8mwPXaE1lOHksZ0hXPxn_obmSYcCApTqhqCGLq5JIxpBznREVtfnP5twbvSh7Wk&sessionId=
【25届实习】安全服务实习生,安恒信息,成都·双流区·华阳,5.4,6.6,岗位职责:1.负责安全服务项目实施工作，安全服务项目包含安全扫描、Web渗透测试、手机APP安全测试、安全咨询、代码审计、应急响应等；2.为用户提供网络、主机、业务系统等相关资产的管理与技术风险评估，并提供整改方案或安全基线设计，协助用户开展安全整改工作；3.开展网络安全培训、红蓝对抗比赛等相关工作。任职要求:1.全日制本科及以上学历，25届毕业生；2.具有较强的责任感.具备能够独立的开展工作的能力.自学能力强.做事踏实认真；3.具备操作系统.网络技术.程序开发等计算机技术基础；4.熟悉OWASP TOP 10，具有网络安全.系统安全.Web安全等方面的理论基础；5.熟悉常见编程语言中的一种（C++、C#、Python、PHP、Java），并能够熟练写出针对性的测试脚本。   加分项：1.具有CISSP.CISA.CSSLP.ISO27001.ITIL.PMP.COBIT.Security+.CISP等安全相关资质者；2.参加过CTF比赛并在比赛中表现出色的；3.熟悉安全标准，政策者；4.精通一门编程语言；5.做事踏实认真负责，沟通能力强。,https://www.zhipin.com/job_detail/7b815f13ee7899d81HZ52di9GFpS.html?lid=4WmKvkdU3Ra.search.2&securityId=ykO1tHcIPeh4F-Q19QL-EmDSdtB6VQfC8KydKcuuLYJsS6Uln3TmoiFXCnNwrxtA0S-q-ClVX99l24CBC6wbrfzjn2jh-gPObizTKRWVSoIpL4U~&sessionId=
文化活动实习生（设计方向）,快手,成都·双流区·华阳,5.4,6.0,实习时长4-6个月，每周出勤5天（24届有升学计划、或25届同学）岗位职责：1.协助完成公司各类设计任务，包括但不限于视觉设计、平面设计等；2.参与并协调公司文化建设及传播工作；3.设计和制作活动的相关图文宣发（宣传海报、活动主视觉设计等）任职资格：1.视觉传达专业、平面设计专业、广告学专业或相关专业，有设计独立思考和表达能力；2.掌握Photoshop、AE、AI、PR等设计软件并熟练使用；3.热爱设计，对用户体验有敏锐的洞察力，有一定的审美及设计意识；4.良好的沟通协调能力，有良好的团队合作精神和责任感；5.有一定文字功底，能写宣发稿。工作时间：9：30-19：00，周末双休,https://www.zhipin.com/job_detail/4b4bd6655fc8b89b1HBy2dy_ElpR.html?lid=4WmKvkdU3Ra.search.86&securityId=AzpcRA73Z1AHa-r122H49F3Idw3ziZwY7QRDdfNL8BoUzHIttBp7pJPJ-JqDcRNQX6tRG1zShdIO1b1lIdIRSMULUJMcicazgH7aZp98n7LBa4Yj&sessionId=
5500高底薪+销售代表+实习生毕业生+业务员,四川链家地产,成都·锦江区·万达广场,5.4,10.5,一、薪资福利待遇：①A0职级：底薪3000-5500，其中浮动WI分绩效与业绩绩效1000-2000，WI分绩效是对日常工作的考核，业绩绩效为对所做业绩的考核② A1职级：1000元浮动业绩绩效+1000元浮动WI分绩效+2000元保障薪资/25%及以上提成；A2员工：500元固定绩效+2700元保障薪资/25%及以上提成；③ A3及以上职级：保障薪资3400-6000元/34%-82%提成。注：业绩越高，提点越高岗位优势：成都市大范围内就近分配+业务板块自由选择+一对一师徒带教+CP④M/S及以上团队管理者，底薪+提成+福利，多劳多得，需有房产带团队经验，详询二、发展晋升：1、管理层：经纪人→店经理→商圈经理→区董→营业总监→分公司总经理；2、业务线：（提成比例逐级增加）；3、其他职能板块：经纪人—职能部门。销售入职满半年可以申请内部竞聘或调转职能岗位，职能岗位包括人事、销售内勤、行政、编辑、财务、培训等方向。5.【上班时间和其它福利】：1、节假日正常放假休息；2、入司满一年之后带薪年假5天；满十年10天3、每个月正常休息4天；4、“三节送礼”；5、入司满2年后孝顺金；【公司福利】：个人福利：六险一金、带薪年假、精英社国外旅游、内外部培训、学历提升计划、节日礼物、育儿假、生理假、开学假等孝敬父母：孝顺金、节日送礼、“赢亲情人民大会堂国宴”健康关怀：年度免费体检、关爱基金（家属也可以享受）团队活动：集体婚礼、单身联谊活动、文体活动、户外拓展,https://www.zhipin.com/job_detail/2cac198be17abbba0nx80ty9GVQ~.html?lid=4WmKvkdU3Ra.search.105&securityId=oDCgcbe6JNvoh-v14aKNj_izCtcU_cwPnhCeNMgypUD3dba0dfJWEZTXKUm0sm7On1Q4lToSmgpAQrvodVih0kq9NFaexTyjLMRlMlEVPAbaYGQWZg~~&sessionId=
前端开发实习生-成都-J120984,大应科技,成都·双流区·中和,5.7,8.4,岗位描述：1、参与企业级复杂工具软件的前端方案设计及研发，保证稳定性和可持续迭代；2、参与 Web IDE、数据可视化领域（流程图、可视化图表）的开发工作；3、 改进和优化开发流程、工具和框架，搭建基础设施，提高开发效率。岗位要求：1、本科及以上学历，25年应届毕业生；2、有 javascript、html5、css3 基础；3、熟悉常用UI框架（如 react、vue）；4、熟悉 git、webpack 等开发工具；5、良好的沟通和团队协作能力、热爱技术、责任心强。,https://www.zhipin.com/job_detail/cb2ba814452dc6fb1HJ539y1GVpX.html?lid=4WmKvkdU3Ra.search.96&securityId=XrzwOA0BGOCcP-n1OfCjFv0iRxyud-fFSDHrIGIVl7hcMnF5ghkkuotTk2Ht1G7vLzKA1TFIick0_JdvHGwYnRZUzR7tKFNSG8biudwXPcvDl5LnIoQ~&sessionId=
入学申请顾问（文职实习生200元/天）,UKEC英国教育中心,成都·武侯区·新会展中心,5.7,6.0,可周一-周五正常办公，有转正意愿）【岗位职责】1、按SOP要求审核申请留学材料、填写院校申请（在线填写英文申请表格&上传申请材料）、协助申请跟进。2、完成部门领导交办的其他工作。【任职资格】1、大专学历及以上（不限经验岗位有系统培训），必备英语相关专业。2、必备专业英语四级及以上或公共英语六级及以上。3、良好的服务意识，较强的学习能力，高效、耐心、细致。【其他】1、薪资：200/天；2、工作时间：周一~周五，早10：00-12：00，13：00-19：00；3、工作周期：至少9月～12月底坐标：高新区天府大道中段530号东方希望天祥广场A座30楼 地铁站世纪城B出口,https://www.zhipin.com/job_detail/eea82e6e236c785a1HRy3N-8FVRT.html?lid=4WmKvkdU3Ra.search.98&securityId=hXGWvcgZaCd7t-J1TkdQTMvoVz7ngiRnQ3RvRz_MK72jbm2l8X4GzhhRWA4v9jUrf_vesoMWMlevI_OurbiGEOaRHio8EKIOJbRmKD4GWwxSwFsycQ~~&sessionId=
链家实习生：本科5500专科4500就近上班,贝壳找房,成都·双流区·华阳,6.0,7.0,【上班地点】全成都，800+门店就近安排【工作亮点】1)高底薪，高提成:大专45000，本科5500，提成25%-77%收入没有天花板!2)客户来源丰富:贝壳找房大平台自有端口+上门客户+老客户转介绍+系统资源首因效应，工作亮点前置3)业绩来源多样化:租房+二手房+新房+商业地产+长租公寓+海外房产+家装+家居4)辅助工具科技化三大高流量App助你开单(链家、贝壳找房、自如)+工作App Link5)【不开单也有业绩!】比如录房源，收钥匙、证件、图片到贝壳平台，或者和别的同事一起带客户看房成交了都会获得业绩=赚钱、赚钱、赚钱!当然成交也很重要!重点:平均年龄26岁的年轻团队!最公平的平台--收入高低看业绩，能否晋升看能力没有空降兵，能者上平者让!1)五险一金+互助金+节假日福利+带薪年假+购房优惠+免费体检+专业培训+师傅带教 团建丰富凸显员工关怀 +国内游/境外游+人民大会堂国宴+精英社等2)晋升空间:横向晋升(业务层面):销售岗位分等级，随着级别的增高，提成点也会增高(25%-77%) 纵向晋升(管理层面):房产经纪人--店经理--商圈经理--区域总监--大部总-分公司岗位描述:【我们的工作内容】1)新员工入店，熟悉了解所在商圈【不必乘车东奔西走，因为我们的商圈与门店在一起】:2)积累客户信息与房源资源助您完成前期积累3)线上负责客户的接待，咨询，了解客户的需求，做好信息匹配，提供合适房源。线下带客户看房并进行周边环境介绍:4)进行商务谈判，促成房产经纪买卖和租赁业务成交【从带看到成交，师傅一对一帮扶，带您成功挖掘第一桶金】5)为客户提供良好的客户服务，与客户建立良好的业务协作关系:【服务客户为第一要旨，源源不断的老客户介绍也将接踵而来】【培训体系】1)新员工入职训-了解公司文化体系，快速融入团队，加快成长;2)门店带教-一对一培训带教，熟悉房产交易流程;3)区域在岗培训边工作边学习，实践出真知:4)雏鹰计划-帮助储备精英明确角色定位和职责，学习必备的管理技能; 新人培训，让新人成长有信心 5)多媒体课堂-在线培训课程，让您的学习更便捷更丰富:6)技能培训-注重服务细节，帮助您为客户提供高品质服务7)国际化国际知名营销课程培训，定期区域沙龙分享交流经验【联系我们】有任何问题可以点击沟通，发送简历优先安排面试。链家真诚期待您的加入!【可分配区域】：全成都均可就近分配武侯区:望江路、科华北路、簇桥、高升桥、磨子桥,https://www.zhipin.com/job_detail/047a09a58d7438601HJ_39-4E1tZ.html?lid=4WmKvkdU3Ra.search.97&securityId=DvuDneMy6BVy0-A1goFvvve8pLDEruEvjsk2GtZJR90qeBRPvsyQKlXC5tN5GbhuhoMRKD1KWBNqnp8xGnhTQz71PgSJxlF3Yj_eAl3bJZTThMDEcQI~&sessionId=
算法实习生,成都精灵云,成都·武侯区·新会展中心,6.0,9.0,岗位职责：1、对图像相关实际问题的方案设计、算法实现与效果优化;2、按照项目计划，制定数据采集方案，清洗并预处理、管理标记团队;3、模型部署，提供对外服务以及线上产品跟踪优化，AI知识和项目相关文档的建设，包括专利和软著;任职要求：1、计算机、数学物理、机器学习及相关专业，25届本科及以上学历；2、具备良好的编码能力，熟悉Python或C++开发，有图像处理或者NLP基础知识者优先考虑；3、对人工智能类，深度学习常用算法有浓厚兴趣，愿意主动跟踪新的人工智能技术；,https://www.zhipin.com/job_detail/8de1faca2753a2c41HF_09W-ElFW.html?lid=4WmKvkdU3Ra.search.20&securityId=XensBfCbO7ek5-Q1Wx8zr4HXwLo-m23W_LUPt3lcSnaMYXcYSiH-8Z3tl5Z8dCY5lw90m7w6UXlOwLF4nswskayhdE6PNM9jM3nx-dFdfk4THgUb&sessionId=
直播运营导演实习生（介意出差勿扰）,众盟科技,成都·锦江区·春熙路,6.0,7.5,此岗位武汉、长沙、青岛、南京、西安、天津、合肥、成都、重庆、昆明、郑州、北京等全国省会城市多地都可实习~仅限25、26届实习岗位（实习需要满足3-6个月，可接受每月较长时间的出差，此岗位不需要到公司坐班，介意勿扰）岗位工作内容1、直播前调研商家情况，根据商家情况输出针对性的直播方案并全程落地执行 （要求执行力）2、日常协助销售、运营、交付、产品、技术等角色，处理各类商家复杂需求问题（需要协调沟通能力）；3，洞悉行业及产品趋势，深入挖掘行业痛点，沉淀输出优秀案例及直播商品政策以及文案包装方案（具备行业敏感度）4、直播活动执行中，组织内部人员及商家人员分工配合，完成活动业绩目标（需要主动担当）；5、直播后完成商家数据盘点，总结分析直播流程问题，发现商家运营问题为下一次同行业直播做铺垫以及定向输出线上运营规划方案；6、院方人员的管理及执行动作的工作，线下各工作的分工安排；（能够快速破冰，有较强的交际能力）岗位要求：1、本科及以上学历，有电商直播行业带货（美业、零售、餐饮等）经验，对美业私域直播有实操经验优先；2、了解市场其他直播产品和行业场景，能够快速理解并结合产品输出解决方案；3、有独立直播人货场搭建经验以及带货主播培训能力；内容撰写输出能力强；4、对wps、obs、直播设备能够熟悉使用的能力；5、会基础简单的拍摄剪辑即可（ps、剪映、可画等常用软件）。6、优秀的学习能力、行业挖掘、分析能力以及强执行力和沟通能力。,https://www.zhipin.com/job_detail/d5be482fcb85991e1HJ_39i8E1ZR.html?lid=4WmKvkdU3Ra.search.104&securityId=FjrIActyTh4lF-Q1rC5UPK32tafM9bERkWgkidFAL9tbDvOEg1K33905DcXllgZ5drAXrK224Ydkzcs7IxxJtmX6IivXiurRy93dD9xVJazvS_0kz5dsXseGsnBzEx7t1CPX2iCElWhIcf0XxVg3vtq4&sessionId=
自媒体助理实习（大三25级优先，锦江区）,情绪悦动,成都·锦江区·沙河,6.0,12.0,工作周期：长期兼职每周工期：无要求工作时间：不限工作时段：不限结算方式：日结招聘截止时间：2024-11-16请先发2-3张照片（不卡颜值，主要看状态 外向优先）无照片不回复！人必须在成都！非成都勿扰！（第四点很重要，筛同频）1.自媒体公司的一些杂事 （公司是 情感，留学 短视频公司）2.最好可以一周1-2天来办公地。（离锦江区 塔子山地铁站 天廊 近的优先！比较重要）3.线上的助理岗工作加分点： 性格外向主动沟通 e人优先， （越外向越好）做过班长或班委有责任心的优先4.麻烦主动发2-3张生活照，不卡颜值 主要看性格状态和能量场！（此岗位内向 i人不要投）投的人目前比较多,https://www.zhipin.com/job_detail/9fa0ba7dabce11da1Hd_2d6-ElNX.html?lid=4WmKvkdU3Ra.search.109&securityId=zXtcnpgg4Dgbq-G11nyNOTaFFmvqKf6Tah6a0ycJLgqtILSVkT_mM6d9rKDdATtnpFZhNZ5ETvvK57PszS4_G9UM9E--VgUGb40-Clv16VhASYF7iy8~&sessionId=
底薪6000+实习生（可供实习证明）,成都聚合达,成都·青羊区·骡马市,6.0,11.0,温馨提示：不收取任何费用入职后提供三方实习证明、五险一金、定期团建、每周至少两天下午茶、年假15天、可提供转正机会、公司氛围超级轻松滴（基本上都是00后）公司因发展需要，特招聘25名实习生，无需经验要求，一经上岗，统一培训，一带一保证最短时间上手。提供实习证明 ，三方协议。工作内容：实习生属于我们公司针对往届，应届毕业的学生，学历高，素质高，掌握的知识面广但经验不足的人而设定的岗位，前三个月属于轮岗制（市场部，运营部，人事部）实习结束后，根据个人意愿以及专长定岗。能力突出的人将直接调到管理岗位。福利待遇1.一经录用待遇从优（月均薪资7000以上）无责底薪3500＋500津贴（不请假迟到保底4000）+绩效奖金（1000-2000）=（综合薪资8000-15000）2.每季度举行户外旅游活动：旅游，美食，爬山，拓展，读书文化3.中高层管理人员每年拥有国内外星级标准培训研讨会及出差学习机会4.公司免费提供入职培训，上述职位一经录用，公司将负责全程免费带薪培训5.公司拥有公平公正公开能者达先晋升体质，针对个人能力，为其打造良好的发展空间6.良好的发展空间＋国内外休闲度假会议＋神秘生日礼物＋专业系统成长培养薪资待遇：根据分配的岗位计算薪资，所有实习生均享受无责保底待遇。综合平均薪资7000+/月,https://www.zhipin.com/job_detail/7cf1b392c20290821Hd83N20EVJQ.html?lid=4WmKvkdU3Ra.search.135&securityId=S20SRNFGUG77d-q1Y3IPForm3kWIN_zrcmcwuWnJoLRPdnRP-1NQDzVIM1ZL2qHbmNjfO-M5Q9FRR44h32bFTAA9yR77fSaFVf4Whkm4HQ5W0ZoVJqHadSdsbdosdU1DdUskXcBDKaN1uxzzDECowpbp&sessionId=
测开实习生,ZStack,成都,6.0,7.8,上海云轴（ZStack）测试开发实习生JD：岗位职责：1.岗位面向 24/25/26届的实习生2.负责云计算产品的测试开发工作，保证产品质量和进度； 3.根据产品功能需求制定测试计划、设计测试用例，实现自动化测试用例及结果分析等； 4.开发和维护自动化测试框架，提升自动化测试效率岗位要求1. 本科/硕士，通信、计算机等相关专业； 2. 需要近期能到岗，并提供6个月以上的每周五天的实习时间3. 熟悉虚拟化、云计算、计算机网络、操作系统基本原理； 4. 具备较强的问题分析能力； 5. linux、shell、python有基础，至少用过；6. 具备代码设计与开发能力； 7. 良好的沟通能力及团队合作意识，快速的学习能力和技术钻研能力；8. 有开发经验、自动化测试、云计算相关测试经验优先.,https://www.zhipin.com/job_detail/5ae79fd2c58716131HZ73ty0GFJQ.html?lid=4WmKvkdU3Ra.search.43&securityId=ia3n2e6c1nlJS-11T9eFBaTAqhF2LcZKcch4v2O7UuTBoOut-x20lkeBZiC_cZaSonrZFePHyS537qg8cZkzpDMA7Cu2h5BD6mJDWflvtFpawu225A~~&sessionId=
软件开发工程师（25届实习生）,CloudBU,成都·郫都区·高新西,7.5,10.5,岗位职责在这里，您将从事IT应用层软件、分布式云化软件、互联网软件等的设计开发，可以采用敏捷、Devops、开源等先进的软件设计开发模式，接触最前沿的产品和软件技术，成为大容量高并发技术的专家；您将参与华为产品的软件研发工作，包括但不限于：（1）完成从客户需求到软件产品定义、架构设计、开发实现、再到上线运营维护等产品生命周期中的各个环节；（2）创造性解决产品在实现过程中的技术难题，应用前沿技术提升产品的核心竞争力，如分布式系统、性能调优、可靠性、数据库等；（3）有机会参与业界前沿技术研究和规划，参与开源社区运作，与全球专家一起工作、交流，构建华为在业界影响力。岗位要求1、计算机、软件、通信等相关专业本科及以上学历；2、热爱编程，基础扎实，熟悉掌握但不限于JAVA/C++/C/Python/JS/HTML/GO等编程语言中的一种或数种，有良好的编程习惯；3、具备独立工作能力和解决问题的能力、善于沟通，乐于合作，热衷新技术，善于总结分享，喜欢动手实践；4、对数据结构、算法有一定了解；5、优选条件：（1）熟悉TCP/IP协议及互联网常见应用和协议的原理；（2）有IT应用软件、互联网软件、IOS/安卓等相关产品开发经验，不满足于课堂所学，在校期间积极参加校内外软件编程大赛或积极参于编程开源社区组织；（3）熟悉JS/AS/AJAX/HTML5/CSS等前端开发技术。,https://www.zhipin.com/job_detail/39ea785119ff7c561HZ-2t-9FlJY.html?lid=4WmKvkdU3Ra.search.10&securityId=JRwKBl33cB_Ga-c10_RGKCIF8L5TAxNV8zbaJnQ_oIyIy0XMh9MpdHFC2ViTFy4_3g4uejxngvGAMI2lWDykpLo2_R3mw0JZtK3aURW4c0EYaAFjaw~~&sessionId=
数据策略实习生【可转正】,标果工厂,成都·武侯区·新会展中心,7.5,10.5,职位描述1、参与公司核心增长项目的数据处理、用户调研、行为分析、策略建模、机制设计等工作，使用用户数据及多种用户研究方式定位业务问题，并通过量化方法针对性地提出优化方案；2、与运营、产品、数据、工程同学协作，协助方案落地并跟进分析，保证项目持续快速迭代；3、与研究科学家协作，分析行业本质，参与公司长期商业模式及路径设计的探索性理论研究。职位要求1、岗位面向23/24/25届毕业生：硕士研究生及以上学历，计算机/应用数学/物理/统计/经济学/管理科学/交通运输等相关专业，每周实习4天及以上、连续实习3个月以上者优先；2、较强的数据敏感度、逻辑思维能力和学习能力，良好的沟通与文档撰写能力，数理基础扎实、愿在业界发挥价值的博士研究生优先；3、有了解用户的强烈意愿，愿意站在用户视角发现、思考并解决问题，能将用户行为抽象为简洁有效的数理模型者优先；4、熟练使用Python/SQL或其他编程语言解决问题，对运筹优化有经验者优先；5、思维开放重结果，自驱力强不内耗。特别说明此实习计划为公司重要的长期人才储备计划，将基于现实业务场景为每一位实习生制定价值独特富有挑战的实习期培养计划，并为外地实习生提供住宿。导师将陪伴你共同探索、推动你的研究结果落地产生实际价值。转正后，公司将为同学投入资源，帮助你向数据分析、算法开发、策略产品、研究科学家等你倾向的方向发展，让热爱挑战的你与我们一起在用科技改造传统产业之路上快速成长。,https://www.zhipin.com/job_detail/13619590b9442bec1Xx_29W4F1RX.html?lid=4WmKvkdU3Ra.search.92&securityId=5sKq5agn268qj-G1DxxZys-ifFO8DiGPD2Zu1qlQWTdkuMP597Hb9s3Lv8bkny2UP9jGrutbExXn84sSKcs1I9y26DF_XrhDgF7VerJMKMoWldTY3uk~&sessionId=
23/24应届+互联网实习生+上市公司+内部培养,万商云集,成都·武侯区·桂溪,8.0,13.0,万商云集拥有20年行业积累、200人研发技术团队、1000人服务团队、合作100000+客户交易，是一家深耕营销领域和SAAS领域的互联网企业。抖音 公众号自媒体我们在做，网站、小程序、平台我们也可以做，该岗位没有经验要求，寻找对互联网行业感兴趣的伙伴加入企业，通过内部培养，开放式学习环境，成就自我，实现双赢!【任职资格】1、大专及以上学历，专业经验不限，可接受23/24届毕业生、转行小白;2、愿意学习，我们看重你积极向上的态度;3、真诚踏实，良好的团队精神和较强的服务意识;4、有一定沟通协调能力和学习能力;【薪酬福利】1、薪资构成:无责任底薪4000~5500+提成5%~25%+签单奖金+新开奖励！2、六险标配，商业保险+社保(五险)+带薪培训+师傅一对一带教+生日会+团队聚餐+地铁口上班+高端写字楼（自有场地3000平）3、租房优惠、节日礼物、一年2次国内及1次出境游、95后，00后年轻化团队4、带薪假日:享受所有的国家法定假日，同时转正之后还将享受年假，病假，婚假，丧假，产假等其它假日;【工作地点】:成都市高新区益州大道北段777号中航国际交流中心B座8F(成都锦城万达广场）（地铁1/9/18号线孵化园站A口步行3分钟）,https://www.zhipin.com/job_detail/5d01570a6099c4db1HB-0tm1GVJV.html?lid=4WmKvkdU3Ra.search.101&securityId=wY0r-hqqHRRqv-T118KxPgPeEZL9srLSapPfPrsXZmD0JiRrsuU_5vbQOLPf-d4UIVGbHySCnQpn6dzQKsHYQ9G89GEftVWcYKdQBATNMe6puBwxxfg~&sessionId=
金融销售实习生+周末双休+六险一金,御顺金融,成都·锦江区·红星路,10.0,15.0,少年，你五行缺伯乐！~想在成都买房的请过来为什么选择贷款行业？1.收入高2.学习金融方面的知识2.拓展自己的人脉。与其他行业不同，做贷款业务吃的并不是青春饭°，客户更愿意挑选从业经验丰富的业务人员。大部分做贷款业务的公司员工都有丰富的从业经验，甚至从业超十年。选择做贷款业务，需要在工作中不断的学习和沉淀知识，并且形成自己的价值取向和判断力。行业优势有哪些？1.金融行业是一个只要你付出，回报率就很高的行业。2.金融贷款行业是客户主动需求的，本身这产品就有销售的优势。3.疫情大环境下，小到个人，大到企业，大家都缺钱，银行降息，当前国家宽松的货币政策，金融贷款行业大火爆注定是政策和经济环境决定的。4.如果你想在未来有一个稳定的生活，如果你想通过自己的奋斗在成都留下来，想突破现阶段，做金融贷款行业最佳选择!贷款业务坚持下来，选择方向有哪些?第一，坚持做贷款业务，成为销冠进入贷款行业越久，自己的人脉越广，老客户积累的越来越多，与此同时，还不断扩展新客户，坚持做下去，必然会成为公司销冠。第二，升职成为管理如果你的工作表现优异，有机会升职成为公司的管理层。管理和做业务不同，如果管理层做的好，还可以进入其他行业。第三，自己当老板自己在贷款行业深耕多年，有了一定的人脉，并且积累了一定的财富，也可以自己另起炉灶“做老板。由此可见：金融贷款行业正处于红利期-你斗志昂扬我们给你提供平台！御顺金融以“透明、专注、稳健”的经营理念，致力于提供中小企业、个人消费、房屋抵押、资金业务等贷款咨询服务，解决客户贷款问题。公司发展历程2005年，御顺金融成立成都总部，从二手房买卖开始转向二手房金融。2011年，御顺金融推出贷款电子商务平台-顺贷网，以房屋按揭贷款业务为基础，逐步发展刀金融咨询服务平台。2012年，经过10年的沉淀，御顺金融从一家门店发展至五家连排门店。2012年底，御顺金融转型，公司搬至铂金城，从单一的二手房贷款扩展至信用贷、房屋贷、车贷等。2016年御顺金融员工达800余人，御顺办公由原来的铂金城搬至sac航空大厦。2016年御顺金融品牌以董事长型，推出“御顺款姐”的卡通形象，并且推出品牌【款姐】秉承“做一笔贷款，交一个朋友”2016-2023年，帮助8.3万人贷款265亿●款姐品牌5个第一提出“良心助贷”理念——全行业第一个承诺“绝不乱收1分钱”——全行业第一个做到“三个透明”原则——全行业第一个推出以创始人为原型的卡通形象——全,https://www.zhipin.com/job_detail/54abb876dc82c5271HB42du6EFdR.html?lid=4WmKvkdU3Ra.search.99&securityId=LA344eQVBb61s-z1FduUVfFQ7T5H8Zqkm_Si57o6z7CSYIcBHr8aK3k3vDiE8gDtdgooAdv4slVpylm-BQF6WjZF3n7888WFZGaZSNY8KKRbHe5EWsvaYD8IA0-sqLyihx35fg00ds0LqZ5v0Bf2rQ~~&sessionId=
均薪10k云产品销售/周末双休（接受实习生）,维音中国,成都·武侯区·石羊场,10.0,15.0,接受应届生线上面试工作时间：9：00~18：00 周末双休薪资待遇：无责底薪4500（优秀后期可转金牌团队无责底薪6500）+绩效提成综合平均薪资1W~1.5W（超80%员工都可以达到），top薪资2.5W岗位职责：1、对接技术和运营高层，了解公司的技术范围和需求。对所负责客户精选深度的分析及商机挖掘。2、做互联网产品的推广销售如云服务器、大数据库、存储等等。任职资格：1、大专及以上学历2、具备电脑办公技能，良好的语言表达的能力。3、良好的服务意识。可以从客户角度出发，好的亲和力。4、良好的语言表达能力，工作期间遵纪守法。发展晋升：组长、主管、售前技术支持,https://www.zhipin.com/job_detail/2554cdbd78fd9e4f1Hd439u0GVFZ.html?lid=4WmKvkdU3Ra.search.138&securityId=TL5GQqkrzjWUv-31bPB--09pC67kjvGzEWvwAJl2YF5aBbs1Cea8UPIM2iMOHNHxrnDVNfn98pUQyBl-31tavHbs4mLSzSk_UTd6q1njb1i7tphP&sessionId=
急聘二手车评估师8k-25k,暴雪名车,成都·双流区·蛟龙港,11.0,22.0,要求热爱汽车行业，为人正直，有团队协作精神，擅长沟通。能看车况，能评估价格。有4s店评估置换；有二手车电商平台工作经验者优先，也欢迎优秀的应届毕业生实习。集团公司车源非常丰富。欢迎优秀的您加入团队挑战高薪，业务能力和品行优秀者可晋升为公司合伙人。,https://www.zhipin.com/job_detail/5d2ed09032b6d9c01Xd92dq8FlVQ.html?lid=4WmKvkdU3Ra.search.119&securityId=axofT46bysOfI-I1petfDNvjPnsgrvimO2JD56uNlbDyIGcdssf769hg-PjNoEao22hORSWrNn5s3XAmM1jv5NJ6sXVUeFeKOqtd1lCjhTJFxDjleqtr&sessionId=
月薪2.5--10万招聘销售经理,美橙时代营销策划公司,成都·青羊区·春熙路,25.0,30.0,一、公司简介：公司于2005年4月28日成立于北京；2019年分公司成立于广州珠江新城；2021年成都分公司成立于丰德成达中心。公司是一家集营销、策划、教育、培训、顾客、管理、整店运营为一体的系统模式顾问管理集团化公司。公司有专业的售后团队，下店去帮扶美容院解决缺员工缺顾客缺业绩的问题。二、商务经理工作内容：根据公司提供的美容院客户资源名单，通过电话联系、微信沟通，邀约全国各地美容院老板来参加公司举办的【美业裁班运营系统峰会】，通过会议现场促成合作签单。公司有专门的票务部，为各位老板购买往返机票／高铁票，大大降低我们的邀约难度，邀约更轻松。我们主要负责邀约，会场有专门的老师帮我们谈单。三、商务部薪资结构1、底薪:4000-7000/9000      提成:15-30%     成单级别：9.98万10.98万20.98     月收入最低22000元2、转介绍2000-5000／单（合作店转介绍客户提成）3、返单奖：8000-20000／单（老门店返单）4、伯乐奖：招聘一名新员工入职满两个月，每月奖500元，一年可得奖励6000元；5、介绍商务经理拿新人开拓总业绩奖的3％奖励(3000-6000／单）公司商务部平均月工资2.5---10万，销售冠军每月可达10-15万努努力一个月2万以上；加把劲一个月5-10万；开足马力千一个月10-15万。混着干的年薪30万，努力干的年薪50万，拼命干的年薪100万。四、商务经理晋升制度：商务经理一实习总监一正式总监一高级总监一特级总监一公司副总下一个职位后就是各个城市分公司的总经理。只有内升，没有空降。,https://www.zhipin.com/job_detail/83501a111ae5c1f41Hdz096-ElNS.html?lid=4WmKvkdU3Ra.search.117&securityId=4F8IZEAR-o53t-M1uHtGCQ7vEzbIyc-C73tZ3oYTEjOw87hoV_KWolR2VUmlSwI0K_RabQvQxa7w-Ecn_VOiSt6EKEr4OVCHeKbgpi99FRX_e280KD_O&sessionId=
